incident_id,source_system,operation,sequence,wave_number,announced_utc,probable_launch_time,incident_day,target_text,landing_countries,target_country_guess,weapon_payload,ballistic_flag,drone_flag,cruise_flag,cluster_flag,target_energy_flag,target_port_flag,target_industrial_flag,target_military_flag,target_lat,target_lon,source_urls,description
tp4_1,tp4_osint_repo,tp4,1,1,2026-02-28T18:30:00Z,2026-02-28T18:00:00Z,2026-02-28,"Nevatim airbase, Tel Aviv, US military facilities in Persian Gulf; USN Fifth Fleet HQ Bahrain; Port Jebel Ali UAE; Duqm port Oman (2 drones, 1 injured); Tankers off Oman coast",IL | IQ | BH | AE | QA | JO | OM,Bahrain | Israel | Oman | United Arab Emirates,"Emad and Ghadr ballistic missiles, Shahed-136 drones",TRUE,TRUE,FALSE,FALSE,TRUE,TRUE,FALSE,FALSE,31.07,34.79,IDF reports high interception rate in coordination with allies; minor damage to one base,First wave of Operation True Promise 4; large-scale coordinated attack with drones to saturate defenses followed by ballistic missiles. Launched hours after US-Israeli Operation Epic Fury/Roaring Lion strikes on Iran.
tp4_2,tp4_osint_repo,tp4,2,2,2026-02-28T21:00:00Z,2026-02-28T20:30:00Z,2026-02-28,"Tel Aviv, US bases in Iraq",IL | IQ,Iraq | Israel,"Ballistic missiles, Shahed-136 drones",TRUE,TRUE,FALSE,FALSE,FALSE,FALSE,FALSE,FALSE,32.07,34.77,https://www.presstv.ir/Detail/2026/02/28/764843/irgc-launches-new-waves-true-promise-pummeling-occupied-territories,Second wave continuing initial retaliatory barrage on Feb 28; 2-4 missiles per salvo pattern observed.
tp4_3,tp4_osint_repo,tp4,3,3,2026-02-28T23:45:00Z,2026-02-28T23:30:00Z,2026-02-28,"Israeli naval base in Haifa, warship dock in Haifa, Ramat David Air Base, HaKirya (Ministry of War) Tel Aviv, Abdullah Al-Mubarak Air Base Kuwait, Harir base Iraq, Prince Sultan Air Base Saudi Arabia; Crowne Plaza Hotel Manama Bahrain; Etihad Towers Abu Dhabi (drone intercepted, debris damage); French base Camp de la Paix Abu Dhabi; Al-Salam Naval Base Abu Dhabi; Saudi oil refinery",IL | KW | IQ | SA | BH | AE | JO,Bahrain | Iraq | Israel | Kuwait | Saudi Arabia | United Arab Emirates,"Advanced ballistic missiles, drones, cruise missiles",TRUE,TRUE,TRUE,FALSE,TRUE,FALSE,FALSE,FALSE,32.58,35.09,,Third wave; IRGC announced using more advanced missiles than True Promise 3. Expanded targeting to Gulf logistics infrastructure.
tp4_4,tp4_osint_repo,tp4,4,4,2026-03-01T01:00:00Z,2026-03-01T00:45:00Z,2026-03-01,"Beit Shams military-industrial complex, Ishtod military-industrial complex, US bases in Kuwait and Iraq",IL | KW | IQ,Iraq | Kuwait,"Kheibar Shekan ballistic missiles, drones",TRUE,TRUE,FALSE,FALSE,FALSE,FALSE,TRUE,FALSE,31.66,34.78,https://en.irna.ir/news/86089924/Third-and-fourth-waves-of-True-Promise-4-underway-IRGC | https://www.bernama.com/en/world/news.php?id=2528973,Fourth wave; continued expansion of targeting to military-industrial sites in Israel and Gulf bases.
tp4_5,tp4_osint_repo,tp4,5,5,2026-03-01T04:00:00Z,2026-03-01T03:30:00Z,2026-03-01,"American vessels in Indian Ocean, Abdullah Mubarak naval base Kuwait; Two missiles fired towards British bases on Cyprus (denied by Cyprus MoD)",KW | IO | CY,Cyprus | Kuwait,"Ballistic missiles, drones, cruise missiles",TRUE,TRUE,TRUE,FALSE,FALSE,FALSE,FALSE,FALSE,29.24,47.97,,Fifth wave; shift to maritime and Gulf targets. IRGC Navy involvement. MSP and MST logistics vessels in Indian Ocean reportedly struck (unverified).
tp4_6,tp4_osint_repo,tp4,6,6,2026-03-01T08:00:00Z,2026-03-01T07:30:00Z,2026-03-01,"Tel Nof Air Base, HaKirya headquarters (Israeli Defense Ministry/military command) Tel Aviv, Israeli Navy base Haifa, Haifa military naval yard",IL,Israel,"Ballistic missiles, drones",TRUE,TRUE,FALSE,FALSE,FALSE,FALSE,FALSE,FALSE,32.445,34.885,https://english.almayadeen.net/news/politics/irgc-launches-sixth-wave-of-true-promise-4--retaliation-cont,Sixth wave; escalation to targeting Israeli political-military command infrastructure in dense urban Tel Aviv. IRGC signaling ability to strike leadership centers.
tp4_7,tp4_osint_repo,tp4,7,7,2026-03-01T14:00:00Z,2026-03-01T13:30:00Z,2026-03-01,"US/British oil tankers in Persian Gulf/Strait of Hormuz, Ali Al-Salem naval base Kuwait, Mohammed Al-Ahmad Naval Base Kuwait, Mina Salman US naval base Bahrain, USS Abraham Lincoln; Prince Sultan Airbase and King Khalid International Airport Saudi Arabia (intercepted); AWS data center UAE",IL | KW | BH | IO | SA | AE,Bahrain | Kuwait | Saudi Arabia | United Arab Emirates,"Ballistic missiles, drones, cruise missiles",TRUE,TRUE,TRUE,FALSE,TRUE,FALSE,FALSE,FALSE,29.35,47.52,,Seventh wave; massive expansion to maritime targets. IRGC claims 4 ballistic missiles fired at USS Abraham Lincoln carrier. Three oil tankers struck. Major Gulf base attacks.
tp4_8,tp4_osint_repo,tp4,8,8,2026-03-01T18:00:00Z,2026-03-01T17:30:00Z,2026-03-01,"Continued strikes on American and Israeli targets, regional US bases",IL | KW | BH,Israel,"Ballistic missiles, drones",TRUE,TRUE,FALSE,FALSE,FALSE,FALSE,FALSE,FALSE,,,,Eighth wave; continuation of wave 7 operations. IRGC claims massive US casualties (560 killed/wounded - unverified). Large-scale drone deployments.
tp4_9,tp4_osint_repo,tp4,9,9,2026-03-01T22:00:00Z,2026-03-01T21:30:00Z,2026-03-01,"US naval assets, Israeli defense systems, drones across multiple regions; RAF Akrotiri Cyprus (1 drone hit airfield, 5 intercepted, minor damage); Beit Shemesh residential area (synagogue and bomb shelter destroyed)",IL | KW | BH | QA | CY,Cyprus | Israel,"Ballistic missiles, drones",TRUE,TRUE,FALSE,TRUE,FALSE,FALSE,FALSE,FALSE,32.07,34.77,https://english.almayadeen.net/news/politics/irgc-launches-ninth-wave-of-operation-true-promise-4 | https://news-pravda.com/usa/2026/03/01/2113467.html | https://www.timesofisrael.com/nine-people-killed-in-iranian-missile-strike-on-residential-area-in-beit-shemesh/ | https://www.aljazeera.com/news/2026/3/1/at-least-nine-killed-after-iranian-strike-on-israels-beit-shemesh | https://www.jpost.com/israel-news/article-888332,"Ninth wave; IRGC claims 700+ drones and hundreds of missiles launched since operation began. Cluster munition warhead used against Tel Aviv area (12 injuries). Deadliest strike of the war: Emad ballistic missile struck residential area in Beit Shemesh, destroying a synagogue and collapsing a public bomb shelter beneath it. Nine killed including three teenage siblings (Yaakov, 16; Avigail, 15; Sara Biton, 13), Ronit Elimelech and her mother Sara, mother and son Bruria and Yosef Cohen, Gavriel Baruch Ravach, and Oren Katz. 28 wounded including two in serious condition. Hospitals in Jerusalem treated 50 people from the Beit Shemesh impact."
tp4_10,tp4_osint_repo,tp4,10,10,2026-03-02T04:00:00Z,2026-03-02T03:30:00Z,2026-03-02,"Israeli government complex Tel Aviv, military/security centers Haifa, East Jerusalem; Netanyahu's office (Tel Aviv); Saudi Aramco facility",IL | SA,Israel | Saudi Arabia,Kheibar Shekan maneuvering ballistic missiles,TRUE,FALSE,FALSE,FALSE,TRUE,FALSE,FALSE,FALSE,32.09,34.78,IDF assessing damage from advanced missile strikes,"Tenth wave; featured advanced Kheibar Shekan maneuvering missiles (MaRV-equipped, Mach 8, 500-1500kg warhead). IRGC stated it 'opened the great gates of fire upon the occupied territories.'"
tp4_11,tp4_osint_repo,tp4,11,11,2026-03-02T10:00:00Z,2026-03-02T09:30:00Z,2026-03-02,"US intelligence centers and military support warehouses in Persian Gulf, Israeli army communications complex Beersheba, 20+ sites in Tel Aviv/West Jerusalem/Galilee; Paphos Airport Cyprus (evacuated); Akrotiri Cyprus (sirens); Aramco Ras Tanura Saudi Arabia (refinery fire); Qatar LNG facilities; Mina Salman port Bahrain; Duqm/Oman maritime targets; US-Jordanian embassy evacuated",IL | KW | BH | AE | CY | SA | QA | JO | OM,Bahrain | Cyprus | Israel | Jordan | Oman | Qatar | Saudi Arabia,"Missiles, drones",TRUE,TRUE,FALSE,FALSE,TRUE,TRUE,FALSE,FALSE,31.9875,35.07,,Eleventh wave; naval and aerospace IRGC units. Targeted communications and intelligence infrastructure. IRGC claims 500 sites targeted in preceding 48 hours.
tp4_12,tp4_osint_repo,tp4,12,12,2026-03-02T14:30:00Z,2026-03-02T14:00:00Z,2026-03-02,"US Arifjan base Kuwait, US Al Minhad command center UAE, US naval facilities Bahrain, fuel tanker Athens Nova in Strait of Hormuz; Port Fujairah UAE; Dubai UAE (ballistic missile); Sulaymaniyah Iraqi Kurdistan; Erbil Iraq",KW | AE | BH | IO | IQ,Bahrain | Iraq | Kuwait | United Arab Emirates,"26 attack drones, 5 ballistic missiles, Fattah-2 hypersonic missile",TRUE,TRUE,FALSE,FALSE,TRUE,TRUE,FALSE,FALSE,28.93,48.1,,Twelfth wave; IRGC Navy-led maritime campaign. 26 drones and 5 ballistic missiles targeting US assets in three Gulf countries plus Strait of Hormuz maritime target.
tp4_13,tp4_osint_repo,tp4,13,13,2026-03-02T19:00:00Z,2026-03-02T18:30:00Z,2026-03-02,"US Navy Marine base at Arifjan base Kuwait, Ali Al-Salim air base Kuwait",KW,Kuwait,UAVs/drones,FALSE,TRUE,FALSE,FALSE,FALSE,FALSE,FALSE,FALSE,28.93,48.1,,Thirteenth wave; IRGC Navy drone unit targeting Kuwaiti-based US Marine installations. Marked first clear indication of different IRGC branches coordinating successive waves under unified command.
tp4_14,tp4_osint_repo,tp4,14,14,2026-03-03T02:00:00Z,2026-03-03T01:30:00Z,2026-03-03,"US air base Sheikh Isa area Bahrain; US embassy Riyadh Saudi Arabia (2 drones, fire); CIA headquarters Riyadh (drone hit); Saudi Arabia downed 9 drones",BH | SA,Bahrain | Saudi Arabia,"20 drones, 3 ballistic missiles",TRUE,TRUE,FALSE,FALSE,FALSE,FALSE,FALSE,FALSE,25.92,50.59,,Fourteenth wave; IRGC Navy large-scale attack on US air base in Bahrain with drones and missiles.
tp4_15,tp4_osint_repo,tp4,15,15,2026-03-03T16:00:00Z,2026-03-03T15:30:00Z,2026-03-03,"Al-Udeid Air Base Qatar, Israeli positions; US Consulate Al Seef Dubai (drones, fire); Fujairah Oil Industry Zone UAE; Hamad International Airport Qatar (intercepted); AWS facilities UAE and Bahrain",IL | QA | AE | SA | BH,Bahrain | Israel | Qatar | United Arab Emirates,"Missiles, drones",TRUE,TRUE,FALSE,FALSE,TRUE,FALSE,FALSE,FALSE,32.07,34.77,,Fifteenth wave; continued geographic expansion. Also targeted 10 key points at Sheikh Isa Air Base Bahrain. Air raid sirens in central Israel. IRGC claims to have shot down 7 Israeli drones.
tp4_16,tp4_osint_repo,tp4,16,16,2026-03-04T06:00:00Z,2026-03-04T05:30:00Z,2026-03-04,"HaKirya (IDF general staff and Ministry of War) Tel Aviv, strategic infrastructure Bnei Brak, military targets Beit Hakfa; Kuwait, Iraq, Saudi Arabia, UAE (hundreds of drones); Greek F-16s intercept Shahed drones near Cyprus; Turkish air defences intercept missiles over Hatay",IL | KW | IQ | SA | AE | CY | TR,Cyprus | Iraq | Israel | Kuwait | Saudi Arabia | United Arab Emirates,"230 attack drones, missiles",TRUE,TRUE,FALSE,FALSE,FALSE,FALSE,FALSE,FALSE,32.46,35.135,,Sixteenth wave; critical shift - IRGC Ground Forces entered the battlefield with three simultaneous operations and 230 attack drones. Multi-domain offensive. Aerospace Division also struck 'heart and northern parts of occupied territories.'
tp4_17,tp4_osint_repo,tp4,17,17,2026-03-04T09:00:00Z,2026-03-04T08:30:00Z,2026-03-04,American and Israeli targets; Israeli Ministry of Defense building (Tel Aviv); Ben Gurion Airport; 7+ advanced US radars destroyed,IL,Israel,40+ ballistic missiles,TRUE,FALSE,FALSE,FALSE,FALSE,FALSE,FALSE,FALSE,32.07,34.77,,Seventeenth wave; codename 'Sacred: O Messenger of Allah.' 40+ ballistic missiles fired by IRGC Aerospace Force. Religious-nationalist messaging increasingly prominent.
tp4_18,tp4_osint_repo,tp4,18,18,2026-03-04T15:00:00Z,2026-03-04T14:00:00Z,2026-03-04,Israeli Ministry of Security building; Ben Gurion Airport; 7+ advanced radar systems destroyed; US FPS-132 strategic radar in Qatar,IL | QA,Israel | Qatar,Ghadr-class ballistic missiles,TRUE,FALSE,FALSE,FALSE,FALSE,FALSE,FALSE,FALSE,32.01,34.87,https://x.com/MalikAliiRaza | https://x.com/iwasnevrhere_,Eighteenth wave; codename references Imam Hassan Mojtaba in celebration of his holy birthday. Ghadr-class ballistic missiles confirmed launched by IRGC.
tp4_19,tp4_osint_repo,tp4,19,19,2026-03-05T06:00:00Z,2026-03-05T05:30:00Z,2026-03-05,"Israeli Defense Ministry complex Tel Aviv, Ben Gurion Airport, Jerusalem; US military positions in Kuwait, Bahrain, Qatar; USS Abraham Lincoln (CVN-72); Amazon data center Bahrain",IL | KW | BH | QA,Bahrain | Israel | Kuwait | Qatar,"Khorramshahr-4 ballistic missiles (1-ton warheads), explosive drones",TRUE,TRUE,FALSE,FALSE,FALSE,FALSE,FALSE,FALSE,31.925,34.995,https://www.tribuneindia.com/news/irgc/irgc-launches-19th-wave-of-operation-true-promise-4-says-operation-against-american-zionist-terrorists | https://www.timesofisrael.com/liveblog-march-05-2026/,Nineteenth wave; codename 'Ya Hassan ibn Ali.' Combined missile and drone operation using Khorramshahr-4 ballistic missiles with 1-ton warheads. IRGC claims bypassed THAAD and struck Israeli Defense Ministry and Ben Gurion Airport. Also targeted USS Abraham Lincoln and Amazon data center in Bahrain. IDF reports most missiles intercepted; no casualties.
tp4_20,tp4_osint_repo,tp4,20,20,2026-03-06T08:00:00Z,2026-03-06T07:00:00Z,2026-03-06,"Tel Aviv and surrounding area, central Israel. Sirens sounded across central Israel. Eighth Iranian attack since midnight.",IL,Iran | Israel,"Kheibar Shekan ballistic missiles with cluster munition warheads (~20 submunitions per warhead, ~2.5 kg explosive each, ~8 km dispersal radius), drones",TRUE,TRUE,FALSE,TRUE,FALSE,FALSE,FALSE,FALSE,32.0853,34.7818,IDF Home Front Command cleared civilians to leave shelters but advised remaining close. No immediate injuries reported by medics. | https://x.com/i_am_razazkhan | https://x.com/FirsttripR | https://www.timesofisrael.com/liveblog_entry/police-say-iran-shot-cluster-bomb-in-recent-impact-in-central-israel/ | https://www.timesofisrael.com/irans-cluster-missiles-scattering-bombs-and-destruction-across-israel/ | https://www.haaretz.com/israel-news/israel-security/2026-03-05/ty-article/.premium/iran-has-fired-at-least-six-cluster-missiles-at-israel-since-the-war-began/0000019c-b94e-db5a-a99f-b94ff6f20000 | https://x.com/Osint613,Twentieth wave of Operation True Promise 4. Small number of ballistic missiles with cluster munition warheads and drones launched at central Israel. Eighth Iranian attack since midnight. Sirens sounded in Tel Aviv and surrounding area. Police confirmed cluster bomb warhead; missile fragments and submunitions impacted several areas. One impact in a central town sparked a fire. No immediate injuries reported. IDF Home Front Command cleared shelters after attack. Iran has fired at least six cluster missiles at Israel since the war began per Haaretz reporting.
tp4_21,tp4_osint_repo,tp4,21,21,2026-03-06T04:00:00Z,2026-03-06T03:30:00Z,2026-03-06,Tel Aviv; combined drone swarms and Kheibar cluster missiles designed to saturate and overwhelm multi-layered air defences,IL,Israel,"Kheibar Shekan ballistic missiles with cluster munition warheads, suicide drone swarms",TRUE,TRUE,FALSE,TRUE,FALSE,FALSE,FALSE,FALSE,32.0853,34.7818,https://muslimmirror.com/irgc-unleashes-21st-wave-of-operation-true-promise-4-tel-aviv-rocked-by-advanced-khyber-missile-barrage/ | https://www.newsx.com/world/israel-iran-us-war-live-day-6-irgc-launches-21st-wave-of-operation-true-promise-counterstrikes-with-drone-missile-swarms-tehran-vows-more-intense-operations-khamenei-death-funeral-trump-war-178308/ | https://www.tribuneindia.com/news/counter-strikes/irans-irgc-launches-21st-wave-of-counter-strikes-vows-more-intense-operations | https://news.cgtn.com/news/2026-03-06/news-1LhO8FO6dC8/p.html,"Twenty-first wave of Operation True Promise 4. Codename 'Ya Mu'izz al-Mu'minin.' IRGC Aerospace Force launched combined suicide drone swarms and Kheibar Shekan ballistic missiles with cluster warheads at Tel Aviv early Friday morning on Day 7 of the conflict. IRGC stated the tactic was designed to overwhelm Israel's multi-layered air defences. Iran vowed 'more intense' operations in coming days. Cumulative munitions prior to this wave reportedly exceeded 2,000 drones and 600 missiles."
tp4_22,tp4_osint_repo,tp4,22,22,2026-03-06T12:00:00Z,2026-03-06T11:30:00Z,2026-03-06,"Tel Aviv, Ben Gurion Airport, Israeli Air Force military centers in Haifa, US and Israeli positions across the Persian Gulf including Al Udeid Air Base (Qatar) and Al Dhafra Air Base (UAE). Retaliation for Minab school strike.",IL | QA | AE,Israel | Qatar | United Arab Emirates,"Khorramshahr-4 ballistic missiles (~1,500 kg warhead, Mach 16 exo-atmospheric / Mach 8 atmospheric), Kheibar Shekan ballistic missiles, Fattah hypersonic missiles, drones",TRUE,TRUE,FALSE,FALSE,FALSE,FALSE,FALSE,FALSE,32.445,34.885,https://x.com/IrnaEnglish/status/2029864376719581460 | https://www.presstv.ir/Detail/2026/03/06/765044/IRGC-launches-22nd-wave-of-Operation-True-Promise-4-in-response-to-US-Israeli-aggression | https://www.presstv.ir/Detail/2026/03/06/765034/New-generation-missiles-on-way-as-Iran-launches-22nd-barrage | https://www.palestinechronicle.com/iran-says-khorramshahr-4-missiles-targeted-ben-gurion-airport-in-new-attack-wave/ | https://www.islamicinvitationturkey.com/iran-unleashes-22nd-missile-wave-in-op-true-promise-4-with-advanced-weaponry/ | https://defencesecurityasia.com/en/iran-khorramshahr-4-ballistic-missile-strike-tel-aviv-israel-air-defence-operation-true-promise-4/,"Twenty-second wave of Operation True Promise 4. Codename 'Ya Hossein ibn Ali.' Significant escalation in weapon sophistication: first wave to combine Khorramshahr-4 (~1,500 kg warhead, Mach 16), Kheibar Shekan, and Fattah hypersonic missiles simultaneously. Targeted Tel Aviv, Ben Gurion Airport, Haifa military centers, plus Al Udeid and Al Dhafra air bases in the Gulf. IRGC framed as retaliation for Minab school strike. Iranian state media stated most missiles used in the war to date were from 2012-2014 production, and new generation weapons had only been deployed in rare cases until this wave."
tp4_23,tp4_osint_repo,tp4,23,23,2026-03-06T20:31:00Z,2026-03-06T20:00:00Z,2026-03-06,"US bases: Sheikh Isa (Bahrain), Juffair (Bahrain), Ali al-Salem (Kuwait), al-Azraq (Jordan). Israel: Be'er Sheva (advanced technology centers, cybersecurity facilities, military support centers).",IL | KW | QA | BH | SA | AE,Bahrain | Israel | Jordan | Kuwait,"New-generation solid- and liquid-fuel missiles (Khaibar-Shekan, Rezvan variants); drones",TRUE,TRUE,FALSE,FALSE,FALSE,FALSE,FALSE,FALSE,31.25,34.79,https://www.aljazeera.com/news/2026/3/6/iran-war-what-is-happening-on-day-seven-of-us-israel-attacks | https://x.com/IranUpdates0 | https://x.com/IranToday_24,"Twenty-third wave of Operation True Promise 4. Announced late evening March 6 (Day 7). IRGC stated this phase would involve 'some of the world's most advanced missiles.' Targets reported across Israel and Gulf states including Kuwait, Qatar, Bahrain, Saudi Arabia, and UAE. Israeli military confirmed intercepting missiles. Details remain sparse as the wave was announced only hours ago; this is a preliminary entry pending further OSINT confirmation."
tp4_24,tp4_osint_repo,tp4,24,24,2026-03-07T01:30:00Z,2026-03-07T05:30:00Z,2026-03-07,"Tel Aviv (""heart of the occupied territories""). At least 3 missile impacts confirmed in Tel Aviv per Al Jazeera. IRGC claimed strikes on strategic facilities.",IL,Israel,"Kheibar Shekan, Emad, and Ghadr ballistic missiles",TRUE,FALSE,FALSE,TRUE,FALSE,FALSE,FALSE,FALSE,32.07,34.77,https://x.com/iranscreenshot,"Twenty-fourth wave of Operation True Promise 4. Day 8 (March 7), dawn. Codename 'Ya Mahdi'. Kheibar Shekan, Emad, Ghadr ballistic missiles with cluster warheads targeting Tel Aviv. At least 3 impacts confirmed. IRGC released launch footage."
tp4_25,tp4_osint_repo,tp4,25,25,2026-03-07T10:35:00Z,2026-03-07T12:30:00Z,2026-03-07,"Joint US-Israeli military centers and logistical support. Al-Dhafra Air Base (UAE), Al-Minhad Air Base (UAE). IRGC claimed precision strikes on radar and satellite comms centers.",IL | AE,Israel | United Arab Emirates,"Fateh, Imad (Emad), and strategic missiles; drones",TRUE,TRUE,FALSE,FALSE,FALSE,FALSE,FALSE,FALSE,32.85,35.5,https://www.pingtvindia.com/irgc-launches-25th-wave-of-operation-true-promise-4-as-iran-israel-us-war-escalates/ | https://www.jordannews.jo/Section-20/Middle-East/IRGC-Announces-Start-of-25th-Wave-of-True-Promise-4-Operation-49468 | https://wanaen.com/25th-wave-of-operation-true-promise-4-launched-with-fattah-and-emad-missiles/,"Twenty-fifth wave of Operation True Promise 4. Day 8 (March 7). Codename 'Al-Muqaddis / Ali ibn Abi Talib'. Fattah hypersonic and Emad missiles with Shahed-238 suicide drone swarms. Targeted joint US-Israeli military centers, Al-Dhafra and Al-Minhad Air Bases (UAE)."
tp4_26,tp4_osint_repo,tp4,26,26,2026-03-07T15:15:00Z,2026-03-07T17:00:00Z,2026-03-07,"Targets from north to south of Israel hit with precision, including Jerusalem (cluster missile intercepted over city per Anadolu Agency/Israel National News). Sdot Micha strategic military facility (radar). Also Iran army drone strikes against US bases: Al-Minhad Air Base (UAE) and Camp Udairi (Kuwait).",IL | AE | KW,Iran | Israel | Kuwait | United Arab Emirates,"New-generation Emad, Ghadr, and multi-warhead Kheibar missiles; drones",TRUE,TRUE,FALSE,TRUE,FALSE,FALSE,FALSE,FALSE,32.85,35.5,https://wanaen.com/irgc-wave-26-of-operation-true-promise-4/ | https://shafaq.com/en/Middle-East/IRGC-hits-Israeli-targets-in-26th-wave-of-Operation-True-Promise-4 | https://www.aa.com.tr/en/middle-east/loud-explosions-heard-after-iranian-cluster-missile-seen-in-skies-over-jerusalem/3854447 | https://www.israelnationalnews.com/news/423520,"Twenty-sixth wave of Operation True Promise 4. Day 8 (March 7). Combined drone-missile operation under codename 'Ya Heydar Karrar'. New-generation Emad, Ghadr, and multi-warhead Kheibar missiles with cluster warheads struck targets across northern and southern Israel including Jerusalem (cluster missile intercepted over city per Anadolu Agency and Israel National News). Sdot Micha strategic military facility targeted. Concurrent Iran army drone strikes against US bases at Al-Minhad (UAE) and Camp Udairi (Kuwait). IRGC claimed destruction of enemy radar systems in previous waves made striking targets easier."
tp4_27,tp4_osint_repo,tp4,27,27,2026-03-07T19:45:00Z,2026-03-07T18:30:00Z,2026-03-07,Haifa oil refinery; US positions in Kuwait (Camp Udairi / Camp Buehring). Cluster warheads confirmed over Israel.,IL | KW,Israel | Kuwait,"Khorramshahr-4 heavy ballistic missiles, Fattah-2 hypersonic missiles, cluster warheads, suicide drones",TRUE,TRUE,FALSE,TRUE,TRUE,FALSE,FALSE,FALSE,32.82,35,https://x.com/ShortReportOnX | https://x.com/wolfbrief_ | https://x.com/IslanderWORLD,"Twenty-seventh wave of Operation True Promise 4. Day 8 (March 7), evening. Codename 'Ya Fatimah al-Zahra'. Khorramshahr-4 heavy ballistic and Fattah-2 hypersonic missiles with cluster warheads plus suicide drones. Targeted Haifa oil refinery and US positions at Camp Udairi/Buehring (Kuwait). Iranian media claimed fires at Haifa refinery."
tp4_28,tp4_osint_repo,tp4,28,28,2026-03-08T11:22:00Z,2026-03-08T10:30:00Z,2026-03-08,Tel Aviv; Be'er Sheva (Bir al-Sabe'); Al-Azraq Air Base (Jordan),IL | JO,Israel | Jordan,"Qadr, Emad (700kg-1 ton warheads), Kheibar Shekan ballistic missiles (1,450 km range, terminal maneuverability)",TRUE,FALSE,FALSE,TRUE,FALSE,FALSE,FALSE,FALSE,31.66,34.78,https://x.com/MilitaryObs2222 | https://mehrnews.com | https://almayadeen.net,"Twenty-eighth wave of Operation True Promise 4. Day 9 (March 8). Featured Qadr, Emad (700kg-1 ton warheads), and Kheibar Shekan missiles (1,450 km range, terminal maneuverability, high strike accuracy). Targeted Tel Aviv, Be'er Sheva, and Al-Azraq Air Base (Jordan). Iranian media claimed THAAD radar systems destroyed in preceding 24h period."
tp4_29,tp4_osint_repo,tp4,29,29,2026-03-08T16:00:00Z,2026-03-08T15:30:00Z,2026-03-08,Tel Aviv; Naqab (Negev); US airbase in region (unspecified),IL,Israel,New generation of missiles (type unspecified),TRUE,FALSE,FALSE,FALSE,FALSE,FALSE,FALSE,FALSE,31.66,34.78,https://x.com/AbebeSamson1,"Twenty-ninth wave of Operation True Promise 4. Day 9 (March 8), afternoon. Codename 'Ya Ali Ibn Abi Talib'. IRGC Aerospace Force launched new generation of missiles hitting targets in Tel Aviv, the Naqab (Negev), and US airbase in region. Details still emerging."
tp4_30,tp4_osint_repo,tp4,30,30,2026-03-09T06:00:00Z,2026-03-09T05:30:00Z,2026-03-09,"US and Israeli positions; sirens in Netanya, Western Galilee, northern Israel",IL,Israel,"Khorramshahr, Fattah (hypersonic), Kheibar Shekan ballistic missiles + strategic drones",TRUE,TRUE,FALSE,FALSE,FALSE,FALSE,FALSE,FALSE,32.33,34.86,,"Thirtieth wave of Operation True Promise 4. Day 10 (March 9), morning. First IRGC action since Mojtaba Khamenei became Supreme Leader on March 8. Featured Khorramshahr, Fattah hypersonic, and Kheibar Shekan ballistic missiles plus strategic drones. Sirens sounded in Netanya and Western Galilee. Iranian TV claimed complete success."
tp4_31,tp4_osint_repo,tp4,31,31,2026-03-09T13:43:00Z,2026-03-09T13:00:00Z,2026-03-09,"Five strategic US bases (incl. US Navy 5th Fleet HQ); Israeli military sites; Cluster warhead struck Yehud, Or Yehuda, Holon, Bat Yam, Rishon LeZion",IL | BH,Israel,"Super-heavy missiles: Qadr, Khorramshahr, Kheibar Shekan ballistic missiles; IRGC Navy loitering drones and cruise missiles",TRUE,TRUE,TRUE,TRUE,FALSE,FALSE,FALSE,FALSE,32.02,34.75,,"Thirty-first wave of Operation True Promise 4. Day 10 (March 9), afternoon. Codename ""Labbaik Ya Khamenei"" — dedicated to new Supreme Leader Mojtaba Khamenei. Joint IRGC Aerospace Force and IRGC Navy operation. Featured super-heavy missiles (Qadr, Khorramshahr, Kheibar Shekan) plus naval loitering drones and cruise missiles. Targeted five strategic US bases including 5th Fleet HQ, Israeli military sites in Tel Aviv and Haifa, and US Al-Adiri helicopter base. Cluster munition strike in Bat Yam dispersed 24 submunitions across 6 locations. 2 killed in central Israel. Bahrain: 32 injured including children in strike on Sitra island."
tp4_32,tp4_osint_repo,tp4,32,32,2026-03-09T16:30:00Z,2026-03-09T16:00:00Z,2026-03-09,Sites in northern and central Israel,IL,Israel,Qadr and Khorramshahr ballistic missiles targeting northern and central Israel,TRUE,FALSE,FALSE,FALSE,FALSE,FALSE,FALSE,FALSE,32.4,34.85,,"Thirty-second wave of Operation True Promise 4. Day 10 (March 9), evening. Codename ""At Your Service, Khamenei"" (also rendered as ""The noose will tighten""). IRGC Aerospace Force launched Qadr and Khorramshahr ballistic missiles at sites in northern and central Israel. IRGC stated ""heavy fire will continue to rain down"" and warned of relentless pressure."
tp4_33,tp4_osint_repo,tp4,33,33,2026-03-09T19:00:00Z,2026-03-09T18:30:00Z,2026-03-09,Tel Aviv (10+ missile impacts reported); US Navy 5th Fleet base; Sdot Micha satellite communications center (reportedly destroyed by drones),IL | BH,Israel,Large numbers of solid-fuel Khaibar Shekan missiles with one-ton warheads; IRGC Aerospace Force drones,TRUE,TRUE,FALSE,FALSE,FALSE,FALSE,FALSE,FALSE,32.07,34.77,https://defencetalks.com/iran-irgc-one-ton-warhead-missiles-operation-true-promise/,"Thirty-third wave of Operation True Promise 4. Day 10 (March 9), late evening. Codename ""At Your Service, Khamenei."" Heaviest wave of the day. Large numbers of solid-fuel Khaibar Shekan missiles with one-ton warheads launched at Tel Aviv — 10+ impacts reported. IRGC Aerospace Force drones reportedly destroyed Sdot Micha satellite communications center south of Tel Aviv. US Navy 5th Fleet base also targeted with precision-guided missiles. IRGC Ruhollah Corps intercepted a cruise missile over central Iran and destroyed an Orbiter-4 drone over Isfahan. Following this wave, IRGC Aerospace Force commander BG Majid Mousavi announced that Iran will henceforth only launch missiles with warheads weighing at least one metric ton, roughly doubling the explosive mass of previous payloads."
tp4_34,tp4_osint_repo,tp4,34,34,2026-03-09T17:00:00Z,2026-03-09T16:30:00Z,2026-03-09,Ramle (kindergarten and infrastructure hit); Mateh Yehuda Regional Council (open area); claimed target: IDF Home Front Command HQ (Rehavam Base) in Ramle; claimed target: satellite communications station in Haela Valley near Beit Shemesh,IL,,Long-range missiles (type unspecified),TRUE,FALSE,FALSE,FALSE,FALSE,FALSE,FALSE,FALSE,31.93,34.87,https://www.timesofisrael.com/hezbollah-missile-fire-wounds-16-damages-daycare-infrastructure-in-central-israel/,"Thirty-fourth wave of Operation True Promise 4. Day 10 (March 9), evening. Hezbollah long-range missile barrage targeting central Israel. 16 lightly wounded in Ramle including from kindergarten hit. Hezbollah claimed targets were IDF Home Front Command HQ (Rehavam Base) in Ramle and satellite communications station in Haela Valley near Beit Shemesh."
tp4_35,tp4_osint_repo,tp4,35,35,2026-03-10T01:00:00Z,2026-03-10T00:30:00Z,2026-03-10,"Yehud (construction site — primary impact, 1 killed, 2 seriously wounded); Or Yehuda; Holon; Bat Yam; Rishon Letzion (1 moderately wounded)",IL,,Ballistic missile with cluster warhead; submunitions dispersed across 6+ sites,TRUE,FALSE,FALSE,TRUE,FALSE,FALSE,FALSE,FALSE,32.03,34.89,https://www.timesofisrael.com/1-dead-2-seriously-wounded-as-iranian-cluster-bomb-warhead-hits-central-israel/ | https://www.zerohedge.com/geopolitical/iran-hails-deadly-cluster-bomb-central-israel-first-wave-under-new-ayatollah | https://www.timesofisrael.com/liveblog-march-11-2026/,"Thirty-fifth wave of Operation True Promise 4. Day 11 (March 10), overnight. IRGC launched ballistic missile with cluster warhead at central Israel. Submunitions scattered across at least six sites in Yehud, Or Yehuda, Holon, Bat Yam, and Rishon Letzion. One man killed at construction site in Yehud, two men seriously wounded at same site. Woman moderately wounded by debris in Rishon Letzion. Iranian state broadcaster IRIB hailed this as the 'first wave of missiles under Mojtaba Khamenei towards occupied territories.'"
tp4_36,tp4_osint_repo,tp4,36,36,2026-03-10T00:15:00Z,2026-03-09T23:45:00Z,2026-03-10,Qatar — likely targeting Al Udeid Air Base and other US military facilities,QA,Qatar,17 ballistic missiles and 6 drones,TRUE,TRUE,FALSE,FALSE,FALSE,FALSE,FALSE,FALSE,25.12,51.31,https://www.aljazeera.com/video/newsfeed/2026/3/9/qatar-releases-video-of-interception-of-iranian-missiles | https://www.aa.com.tr/en/middle-east/qatar-says-65-ballistic-missiles-12-drones-intercepted-in-iranian-retaliatory-strikes-8-injured/3844496,Thirty-sixth wave of Operation True Promise 4. Day 11 (March 10). IRGC launched 17 ballistic missiles and 6 drones at Qatar. Qatar Armed Forces successfully intercepted all incoming projectiles with no casualties or damage reported. Part of ongoing Iranian targeting of Gulf States hosting US military assets. Qatari Ministry of Defence released video of interceptions.
tp4_37,tp4_osint_repo,tp4,37,37,2026-03-10T09:30:00Z,2026-03-10T09:15:00Z,2026-03-10,"Jerusalem area; Beit Shemesh area. Sirens across Jerusalem, West Bank, and southern Israel.",IL,Israel,Ballistic missiles targeting Jerusalem/Beit Shemesh area,TRUE,FALSE,FALSE,FALSE,FALSE,FALSE,FALSE,FALSE,31.77,35.21,https://www.timesofisrael.com/liveblog-march-10-2026/ | https://www.aljazeera.com/news/2026/3/10/iran-war-what-is-happening-on-day-11-of-us-israel-attacks,"Thirty-seventh wave of Operation True Promise 4. Day 11 (March 10), daytime. Iranian ballistic missile barrage targeting Jerusalem and Beit Shemesh area. Sirens sounded across Jerusalem, West Bank, and parts of southern Israel. Reports of impacts in Beit Shemesh area. Magen David Adom initially reported no injuries. Concurrent with Hezbollah rocket fire on Haifa Bay area. Tentative reports of fires near impact sites."
tp4_38,tp4_osint_repo,tp4,38,38,2026-03-10T10:00:00Z,2026-03-10T06:00:00Z,2026-03-10,Haifa oil and gas refinery; fuel storage tanks,IL,Israel,Drones targeting Haifa oil/gas infrastructure,FALSE,TRUE,FALSE,FALSE,TRUE,FALSE,TRUE,FALSE,32.79,35,https://www.aljazeera.com/news/liveblog/2026/3/10/iran-war-live-trump-says-conflict-will-be-over-soon-40-killed-in-tehran,Thirty-eighth wave of Operation True Promise 4. Day 11 (March 10). Iranian army announced drone attack targeting Israeli oil and gas refinery and fuel tanks in Haifa. Concurrent with ballistic missile barrage on Jerusalem area (wave 37) and Hezbollah rocket fire on Haifa Bay.
tp4_39,tp4_osint_repo,tp4,39,39,2026-03-10T17:51:00Z,2026-03-10T17:40:00Z,2026-03-10,Central Israel; open area near Beit Shemesh. Sirens across central Israel.,IL,Israel,Ballistic missile(s) targeting central Israel,TRUE,FALSE,FALSE,FALSE,FALSE,FALSE,FALSE,FALSE,31.75,34.99,https://www.timesofisrael.com/liveblog-march-10-2026/,"Thirty-ninth wave of Operation True Promise 4. Day 11 (March 10), evening. Fifth Iranian missile salvo of the day. Ballistic missile targeting central Israel. Sirens sounded across central Israel. One missile struck an open area near Beit Shemesh. No injuries reported. MDA confirmed no casualty reports."
tp4_40,tp4_osint_repo,tp4,40,40,2026-03-10T22:51:00Z,2026-03-10T22:35:00Z,2026-03-10,"Central Israel; Jerusalem area; northern Israel. Sirens across central Israel, Jerusalem, northern Israel, and parts of the West Bank.",IL,Israel,Ballistic missiles targeting central Israel and Jerusalem area,TRUE,FALSE,FALSE,FALSE,FALSE,FALSE,FALSE,FALSE,31.95,35,https://www.timesofisrael.com/liveblog-march-11-2026/,"Fortieth wave of Operation True Promise 4. Day 12 (March 11), overnight. Small number of ballistic missiles launched at Israel. Sirens sounded across central Israel, Jerusalem area, northern Israel, and parts of the West Bank starting at 00:51 local time. Missiles were intercepted or allowed to impact open areas. IDF confirmed no injuries or direct impacts on populated areas. Consistent with IRGC's announced shift to heavier warheads (1+ ton) with reduced salvo frequency."
tp4_41,tp4_osint_repo,tp4,41,41,2026-03-11T11:45:00Z,2026-03-11T11:30:00Z,2026-03-11,Central Israel and northern Israel. Sirens in central and northern Israel. At least one missile reportedly reached Tel Aviv area.,IL,Israel,"Ballistic missiles with heavy, multi-warhead projectiles targeting central and northern Israel",TRUE,FALSE,FALSE,FALSE,FALSE,FALSE,FALSE,FALSE,32.07,34.78,https://www.timesofisrael.com/liveblog-march-11-2026/ | https://www.aljazeera.com/news/2026/3/11/iran-israel-war-live,"Forty-first wave of Operation True Promise 4. Day 12 (March 11), afternoon. After a nine-hour pause, IRGC launched a fresh ballistic missile salvo from Iran targeting central and northern Israel at approximately 1:45 PM local time. Al Jazeera reported heavy, multi-warhead projectiles with interceptions observed over Israel. At least one missile reportedly reached the Tel Aviv area. Sirens sounded in central and northern Israel."
308313d6-ebf0-40e9-9740-6326e752d700,tp4_osint_repo,tp4,42,42,2026-03-11T21:30:00Z,2026-03-11T21:15:00Z,2026-03-11,"Central Israel from Netanya to Ashdod. Multiple salvos targeting Tel Aviv metropolitan area and surrounding cities. Also targeted US bases in Kuwait and Bahrain, and Gulf state infrastructure in Qatar, Saudi Arabia, and UAE.",IL | KW | BH | QA | SA | AE,Bahrain | Israel | Kuwait | Qatar | Saudi Arabia | United Arab Emirates,"Multiple salvos of ballistic missiles including Khorramshahr-4 heavy missiles with 1.5-ton warheads, Fattah hypersonic missiles, and Kheibar Shekan missiles. Cluster munition warheads confirmed on approximately half of missiles. Coordinated with Hezbollah rockets and drones from Lebanon.",TRUE,FALSE,FALSE,TRUE,FALSE,FALSE,FALSE,FALSE,32.07,34.78,https://www.haaretz.com/israel-news/israel-security/2026-03-11/ty-article/sleepless-in-tel-aviv-iranian-missiles-trigger-consecutive-overnight-sirens/0000019c-dbb3-d3be-a7fd-fff339a00000 | https://www.timesofisrael.com/liveblog-march-11-2026/ | https://www.aljazeera.com/news/2026/3/11/iran-war-what-is-happening-on-day-12-of-us-israel-attacks | https://www.euronews.com/2026/03/11/iran-unleashes-intense-waves-of-strikes-across-gulf-as-hormuz-crisis-deepens,"Forty-second wave of Operation True Promise 4. Day 13 (March 12), overnight into Wednesday. IRGC announced its 'most intense and heaviest operation' since the start of the war. Multiple ballistic missile salvos fired at Israel throughout the night, triggering sirens in central Israel at approximately 11:30 PM (March 11), 12:50 AM, 3:40 AM, and 4:40 AM (March 12). Coordinated with Hezbollah, which launched approximately 150 rockets at northern Israel. Khorramshahr-4 heavy ballistic missiles confirmed alongside Fattah hypersonic and Kheibar Shekan missiles. Cluster munition warheads deployed; two construction workers killed in Yehud (east of Tel Aviv) by submunitions from a cluster-equipped missile that penetrated defences. Iran also targeted US bases in Kuwait and Bahrain and struck at Gulf state targets including Qatar, Saudi Arabia, and the UAE. Israeli media reported all missiles intercepted, though cluster submunitions caused casualties on the ground."
5da7aac6-82b8-4dc2-b14d-e66b626d7d5a,tp4_osint_repo,tp4,43,43,2026-03-12T10:00:00Z,2026-03-12T09:45:00Z,2026-03-12,"US Fifth Fleet base, other US military bases in the region, strategic targets deep inside Tel Aviv. Sirens across central Israel.",IL | BH | IQ,Israel,"Khorramshahr-4 (pinpoint, twin warhead), Qadr (multi-warhead), Emad (precision), Kheibar Shekan ballistic missiles, and fleet of attack drones",TRUE,TRUE,FALSE,FALSE,FALSE,FALSE,FALSE,FALSE,32.07,34.78,https://www.timesofisrael.com/liveblog-march-12-2026/,"Forty-third wave of Operation True Promise 4. Day 13 (March 12), daytime continuation. IRGC launched Khorramshahr-4 (pinpoint, twin warhead), Qadr (multi-warhead), Emad (precision), and Kheibar Shekan ballistic missiles with a fleet of attack drones targeting the US Fifth Fleet base, other US military bases in the region, and strategic targets deep inside Tel Aviv. Dedicated to the memory of Hossein Salami and martyrs of previous campaigns. Continues the pattern of 6 salvos on March 12; sirens sounded across central Israel. No casualties reported from daytime attacks. A teenage girl in Rehovot was fatally struck by a vehicle while rushing to shelter during one of the day's attacks (sirens did not go off in her city)."
76f983f7-6c61-4296-9d7e-96dc38b332ff,tp4_osint_repo,tp4,44,44,2026-03-13T06:00:00Z,2026-03-13T05:45:00Z,2026-03-13,"Kiryat Shmona, Hadera, Haifa in northern Israel. US Fifth Fleet, US bases in Manama (Bahrain), Erbil (Iraq), and Muwaffaq Salti Air Base (Jordan).",IL | BH | IQ | JO,Bahrain | Iraq | Israel | Jordan,"Khorramshahr-4 (heavy BM, dual/multi-warhead), Emad (one-ton warheads), Qadr, Kheibar Shekan ballistic missiles, and attack drones",TRUE,TRUE,FALSE,FALSE,FALSE,FALSE,FALSE,FALSE,32.81,35,https://www.timesofisrael.com/liveblog-march-13-2026/,"Forty-fourth wave of Operation True Promise 4. Day 14 (March 13). IRGC targeted Kiryat Shmona, Hadera, and Haifa in northern Israel, plus the US Fifth Fleet and US bases in Bahrain and Erbil, Iraq. Also targeted Muwaffaq Salti Air Base in Jordan. Weapons included Khorramshahr-4 (heavy BM, dual/multi-warhead), Emad (one-ton warheads), Qadr, Kheibar Shekan, and attack drones. First of 7 attacks that hit Israel on March 13. Iranian media claimed a US KC-135 aerial refueling aircraft was targeted and shot down in western Iraq (unverified)."
550f7d40-03e2-4076-b7ae-90082ee7ba76,tp4_osint_repo,tp4,45,45,2026-03-13T14:00:00Z,2026-03-13T13:45:00Z,2026-03-13,"Haifa, Caesarea, Zar'it and Shlomi settlements, Holon military-industrial complex. US bases at Al Dhafra (UAE) and Iraqi Kurdistan.",IL | AE | IQ,Iraq | Israel | United Arab Emirates,Precision solid-fuel Kheibar Shekan ballistic missiles,TRUE,TRUE,FALSE,FALSE,FALSE,FALSE,TRUE,FALSE,32.81,35,https://www.timesofisrael.com/liveblog-march-13-2026/,"Forty-fifth wave of Operation True Promise 4. Day 14 (March 13), afternoon. Precision solid-fuel Kheibar Shekan ballistic missiles targeting infrastructure of the Israeli Northern Command and US force gathering points. Specific targets: Haifa, Caesarea, settlements of Zar'it and Shlomi, and the Holon military-industrial complex. Also targeted US bases at Al Dhafra (UAE) and Iraqi Kurdistan. Carried out in coordination between IRGC, IRGC Navy, Iranian Army drone units, and Hezbollah. Hezbollah simultaneously launched approximately 150 rockets at northern Israel."
91a03c3c-63d0-4f0b-a6ce-0b456169460b,tp4_osint_repo,tp4,46,46,2026-03-13T18:33:00Z,2026-03-13T18:20:00Z,2026-03-13,"Seven sites in Tel Aviv, two in Rishon LeZion, one in Shoham. Three US force locations: King Sultan base (SA), Victory base (IQ), base in Iraqi Kurdistan. Over ten Israeli army commander hideouts targeted per IRGC.",IL | SA | IQ,Iraq | Israel,"Khorramshahr-4, Kheibar Shekan, and Emad ballistic missiles. At least one missile carried cluster bomb warhead. IDF reports ~50% of Iranian BMs in this war carry cluster warheads.",TRUE,FALSE,FALSE,TRUE,FALSE,FALSE,FALSE,FALSE,32.07,34.78,IDF investigating impacts in central Israel after cluster bomb warhead BM. Reports ~50% of Iranian missiles carry cluster warheads. | https://www.timesofisrael.com/liveblog-march-13-2026/,"Forty-sixth wave of Operation True Promise 4. Day 14 (March 13), evening at 8:33 PM Israel time. IRGC launched Khorramshahr-4, Kheibar Shekan, and Emad ballistic missiles with confirmed cluster bomb warhead. Targeted seven sites in Tel Aviv, two in Rishon LeZion, and one in Shoham. Also targeted three US force commander locations including King Sultan base (Saudi Arabia), Victory base (Iraq), and a base in Iraqi Kurdistan. Cluster munition impacts: roof fire in Shoham (dozens evacuated), empty school hit and cars damaged in Rishon Lezion, highway crater in central Israel, building fire in Holon, submunition impacts at Mishmar Hashiva. IDF reported half of Iranian missiles in the war carried cluster warheads. Dedicated to martyrs Ali Rashid and Mohammad Bagheri."
d9626f9a-10e8-47b8-97c0-7f6cceb37269,tp4_osint_repo,tp4,47,47,2026-03-13T21:13:00Z,2026-03-13T21:00:00Z,2026-03-13,"Negev Desert, Beersheba, Nevatim airbase. US Al-Udeid airbase in Qatar. Sirens near Beersheba and central Israel.",IL | QA,Israel | Qatar,Kheibar Shekan solid-fuel and Qadr liquid-fuel ballistic missiles,TRUE,FALSE,FALSE,FALSE,FALSE,FALSE,FALSE,FALSE,31.25,34.79,IDF confirmed no injuries from seventh attack of March 13. | https://www.timesofisrael.com/liveblog-march-13-2026/,"Forty-seventh wave of Operation True Promise 4. Day 14 (March 13), late night. Seventh and final Iranian attack of March 13. IRGC launched Kheibar Shekan solid-fuel and Qadr liquid-fuel missiles targeting the Negev Desert, Beersheba, and Nevatim airbase. Also targeted the US Al-Udeid airbase in Qatar. Sirens sounded near Beersheba at 11:13 PM Israel time, with an additional launch detected toward central Israel at 11:19 PM. Medics reported no injuries at 11:51 PM; IDF assessed a small number of missiles were intercepted or struck open areas."
7e5cba2b-1b80-4c4a-bfa3-f98bb2fdf415,tp4_osint_repo,tp4,48,48,2026-03-14T13:43:00Z,2026-03-14T13:30:00Z,2026-03-14,"Galilee, occupied Golan Heights, Haifa, Eilat (10 impact sites from fragmenting warhead), central Israel (Lod/Ness Ziona area), Jerusalem. US military bases. Hezbollah rockets at Western Galilee / Nahariya / Gronot HaGalil / Ma'alot-Tarshiha.",IL,Israel,"Solid-fuel Kheibar Shekan, liquid-fuel Qadr ballistic missiles, and attack drones. At least one missile with fragmenting/cluster warhead (Eilat strike and Lod/Ness Ziona).",TRUE,TRUE,FALSE,TRUE,FALSE,FALSE,FALSE,FALSE,29.56,34.95,IDF detected multiple ballistic missile launches from Iran throughout the day. | https://www.timesofisrael.com/liveblog-march-14-2026/ | https://www.ynetnews.com/category/3089,"Forty-eighth wave of Operation True Promise 4. Day 15 (March 14). IRGC launched solid-fuel Kheibar Shekan, liquid-fuel Qadr missiles, and attack drones targeting Israeli military sites in the Galilee, occupied Golan Heights, and Haifa, plus US military bases. Multiple salvos throughout the day (at least 5 since midnight). Major impact event: missile with fragmenting/cluster warhead struck Eilat at ~3:43 PM Israel time, causing ten impact sites — 12-year-old boy moderately injured by glass shards, 39-year-old man and one other person lightly injured by shrapnel. Central Israel: fragmenting missile hit Lod/Ness Ziona area with no injuries. Jerusalem targeted with interceptions, no casualties. Western Galilee sirens for suspected Hezbollah drone infiltration at Nahariya. Hezbollah claimed targeting settlements in Gronot HaGalil and Israeli air defense system in Ma'alot-Tarshiha. Coordinated with Hezbollah."
398dee7d-520a-4b2e-b780-0100cf397213,tp4_osint_repo,tp4,49,49,2026-03-14T18:00:00Z,2026-03-14T17:45:00Z,2026-03-14,"Al-Dhafra Air Base UAE (Patriot radars, control towers, hangars), Sheikh Isa Air Base Bahrain, Al-Udeid Air Base Qatar (helicopter base).",AE | BH | QA,Bahrain | Qatar | United Arab Emirates,"Missiles, drones, and loitering munitions targeting US air base infrastructure including Patriot radar systems, control towers, and hangars.",TRUE,TRUE,FALSE,FALSE,FALSE,FALSE,FALSE,FALSE,24.25,54.55,https://jamejamonline.ir/fa/news/1546173 | https://fa.shafaqna.com/news/2230450/ | https://fararu.com/fa/news/956046/,"Forty-ninth wave of Operation True Promise 4. Day 15 (March 14), evening. IRGC Navy targeted US military bases with missiles, drones, and loitering munitions. Struck Al-Dhafra base (targeting Patriot radars, control towers, hangars), Sheikh Isa base in Bahrain, and Al-Udeid helicopter base in Qatar. Focused exclusively on US regional military infrastructure."
7927dee3-4466-4c6c-af2d-d8cc9b836e4d,tp4_osint_repo,tp4,50,50,2026-03-14T20:06:00Z,2026-03-14T19:30:00Z,2026-03-14,"Al-Dhafra Air Base (UAE), Fujairah (UAE), Jufair / US Fifth Fleet HQ (Bahrain), Ali Al-Salem Air Base (Kuwait), Al-Azraq Air Base (Jordan), plus early-warning radars in the region.",AE | BH | KW | JO,Bahrain | Jordan | Kuwait | United Arab Emirates,Precision-guided and loitering drones (IRGC Aerospace Force). Drones conducted ISR before striking targets.,FALSE,TRUE,FALSE,FALSE,FALSE,FALSE,FALSE,FALSE,24.25,54.55,https://wanaen.com/irgc-announces-50th-wave-of-operation-true-promise-4-targeting-u-s-bases/ | https://www.tabnak.ir/fa/news/1362897,"Fiftieth wave of Operation True Promise 4. Day 15 (March 14), late evening. IRGC Aerospace Force deployed precision-strike and loitering drones against six US military facilities: Al-Dhafra and Fujairah (UAE), Jufair/Fifth Fleet HQ (Bahrain), Ali Al-Salem (Kuwait), and Al-Azraq (Jordan), plus early-warning radar systems protecting Israel. Drones conducted reconnaissance before executing precision strikes. Dedicated to fallen IRGC commanders Ali Shadmani and Hossein Hamedani."
bf953f5c-379e-4857-b403-a19f392bd172,tp4_osint_repo,tp4,51,51,2026-03-14T20:40:00Z,2026-03-14T20:30:00Z,2026-03-14,"Al-Kharj Air Base, Saudi Arabia. IRGC described it as hosting F-35, F-16, AWACS (E-3 Sentry), and aerial refueling aircraft used in operations against Iran.",SA,Iran | Saudi Arabia,Combined launch of solid-fuel and liquid-fuel ballistic missiles.,TRUE,FALSE,FALSE,FALSE,FALSE,FALSE,FALSE,FALSE,24.06,47.58,https://www.presstv.ir/Detail/2026/03/14/765382/IRGC-strikes-US-run-al-Kharj-air-base-in-wave-51-of-retaliation- | https://wanaen.com/irgc-announces-51st-wave-of-operation-true-promise-4-targeting-al-kharj-base/,"Fifty-first wave of Operation True Promise 4. Day 15 (March 14), late night ~22:40 local. Combined launch of solid-fuel and liquid-fuel ballistic missiles targeting Al-Kharj Air Base in Saudi Arabia, described by IRGC as a key hub for US operations against Iran hosting F-35, F-16, AWACS (E-3 Sentry), and aerial refueling aircraft. Dedicated to fallen IRGC commander Abolghasem Babaeian and his wife."
9cac3d41-f236-43c2-9c55-9c34563c1708,tp4_osint_repo,tp4,52,52,2026-03-15T03:00:00Z,2026-03-15T02:45:00Z,2026-03-15,"Harir Air Base (Iraq), Ali Al-Salem Air Base (Kuwait), Camp Arifjan (Kuwait), Tel Aviv industrial zones.",IL | IQ | KW,Iraq | Israel | Kuwait,Heavy missiles targeting Israeli industrial areas; missiles and/or drones targeting US troop assembly centers.,TRUE,FALSE,FALSE,FALSE,FALSE,FALSE,TRUE,FALSE,32.09,34.78,https://ilkha.com/english/world/iran-announces-52nd-wave-of-strikes-vows-relentless-pursuit-of-benjamin-netanyahu-518284 | https://www.trtworld.com/article/5dc65b5bfbcb,"Fifty-second wave of Operation True Promise 4. Day 16 (March 15), early morning. IRGC targeted US military installations including troop assembly centers at Harir Air Base (Iraq), Ali Al-Salem Air Base (Kuwait), and Camp Arifjan (Kuwait). Also struck Tel Aviv industrial zones with heavy missiles. IRGC threatened Netanyahu: 'if he is still alive, we will continue pursuing and killing him with full force.'"
bee81191-9d32-4a38-a60b-a7d0a203a246,tp4_osint_repo,tp4,53,53,2026-03-15T06:22:00Z,2026-03-15T06:00:00Z,2026-03-15,"Al-Dhafra Air Base (UAE), Israeli regional command-and-control centers, Israeli home-front management facilities.",AE | IL,Israel | United Arab Emirates,"10 Fattah hypersonic missiles, Ghadr liquid-fuel missiles, and explosive drones.",TRUE,TRUE,FALSE,FALSE,FALSE,FALSE,FALSE,FALSE,24.25,54.55,https://www.islamtimes.com/en/news/1269334/irgc-launches-53rd-wave-of-operation-true-promise-4 | https://news.az/news/irgc-the-53rd-wave-of-operation-true-promise-4-has-been-carried-out | https://www.middleeasteye.net/live-blog/live-blog-update/iran-launches-new-wave-strikes-against-us-israeli-targets,"Fifty-third wave of Operation True Promise 4. Day 16 (March 15), morning at ~06:22 UTC. IRGC fired 10 Fattah hypersonic missiles, Ghadr missiles, and explosive drones at Al-Dhafra Air Base (UAE) and Israeli regional command-and-control and home-front management facilities. Dedicated to 84 martyred sailors of Iranian navy vessel Dena. IRGC stated 'continuous and crushing attacks will continue until the aggressor is punished and surrenders.'"
fcb53717-4a6b-4720-b882-442bf837660b,tp4_osint_repo,tp4,54,54,2026-03-15T12:00:00Z,2026-03-15T11:30:00Z,2026-03-15,"Israeli decision-making and command centers, military and defense infrastructure, troop concentrations in occupied territories.",IL,Israel,"Sejjil solid-fuel ballistic missiles (first TP4 use), Khorramshahr super-heavy missiles (2-ton warhead), Kheibar-shekan, Qadr, and Emad ballistic missiles.",TRUE,FALSE,FALSE,FALSE,FALSE,FALSE,FALSE,FALSE,32.07,34.78,https://www.tasnimnews.com/ | https://shafaq.com/ | https://www.palestinechronicle.com/ | https://theindianawaaz.com/,"Fifty-fourth wave of Operation True Promise 4. Day 16 (March 15). First reported use of the Sejjil solid-fuel ballistic missile in TP4. IRGC also deployed Khorramshahr (2-ton warhead), Kheibar-shekan, Qadr, and Emad missiles targeting Israeli decision-making centers, military infrastructure, and troop concentrations. Missile fragments struck a Tel Aviv building linked to the US consulate. Sirens reported in Tel Aviv, Herzliya, and 140+ other locations."
tp4_55,tp4_osint_repo,tp4,55,55,2026-03-15T22:30:00Z,2026-03-15T22:15:00Z,2026-03-15,"Israel (general). Small number of missiles, likely intercepted. No injuries.",IL,Israel,Ballistic missiles targeting Israel. Specific type unconfirmed. Small number launched.,TRUE,FALSE,FALSE,FALSE,FALSE,FALSE,FALSE,FALSE,31.5,34.8,,"Fifty-fifth wave of Operation True Promise 4. Day 17 (March 16 IST). Early morning ballistic missile attack targeting Israel shortly after midnight local time. Small number of missiles launched, likely intercepted. No injuries reported. First Israel-targeting salvo since midnight March 16 IST."
tp4_56,tp4_osint_repo,tp4,56,56,2026-03-16T00:56:00Z,2026-03-16T00:40:00Z,2026-03-16,"Beersheba and southern Israel. Sirens sounded in Beersheba. Small number of missiles, likely intercepted. No injuries.",IL,Israel,Ballistic missiles targeting Israel. Specific type unconfirmed. Small number launched.,TRUE,FALSE,FALSE,FALSE,FALSE,FALSE,FALSE,FALSE,31.25,34.79,,"Fifty-sixth wave of Operation True Promise 4. Day 17 (March 16). Ballistic missile attack targeting Beersheba and southern Israel in the early morning hours. Sirens sounded in Beersheba. Small number of missiles, likely intercepted. No injuries reported."
tp4_57,tp4_osint_repo,tp4,57,57,2026-03-16T08:35:00Z,2026-03-16T08:15:00Z,2026-03-16,Central Israel. Home damaged by cluster bomb submunitions. Multiple impact sites across central Israel.,IL,Israel,Ballistic missiles with cluster munition warhead. Specific missile type unconfirmed but consistent with prior cluster warhead use on Khorramshahr-4 or Emad variants.,TRUE,FALSE,FALSE,TRUE,FALSE,FALSE,FALSE,FALSE,32.07,34.78,https://www.timesofisrael.com/liveblog-march-16-2026/,Fifty-seventh wave of Operation True Promise 4. Day 17 (March 16). Ballistic missile attack on central Israel with at least one missile carrying cluster munition warhead. Home in central Israeli town damaged by cluster bomb submunitions. Multiple impact sites reported across central Israel. No injuries reported.
tp4_58,tp4_osint_repo,tp4,58,58,2026-03-16T10:30:00Z,2026-03-16T10:10:00Z,2026-03-16,"Central and southern Israel. Shrapnel impacts in Rishon Lezion, Ramle, Bnei Brak. Homes damaged in Tel Aviv-Yafo, Beit Shemesh, Ramat Gan, Bnei Brak, and Shoham (serious home damage). Route 431 partially closed.",IL,Israel,Ballistic missiles with cluster munition warheads. Shrapnel and submunitions struck residential areas in central Israel.,TRUE,FALSE,FALSE,TRUE,FALSE,FALSE,FALSE,FALSE,32.07,34.78,https://www.jpost.com/israel-news/defense-news/article-889920 | https://www.timesofisrael.com/liveblog-march-16-2026/,"Fifty-eighth wave of Operation True Promise 4. Day 17 (March 16). Midday ballistic missile barrage targeting central and southern Israel with cluster munitions. Shrapnel hits reported in Rishon Lezion, Ramle, and Bnei Brak. Two men wounded with light injuries. A woman in Rishon Lezion was lightly injured after touching a missile fragment. Homes damaged in Tel Aviv-Yafo, Beit Shemesh, Ramat Gan, Bnei Brak, and Shoham (serious home damage). Route 431 had one lane closed due to debris."
tp4_59,tp4_osint_repo,tp4,59,59,2026-03-16T11:00:00Z,2026-03-16T10:45:00Z,2026-03-16,Central Israel and Jerusalem. One casualty from glass shards caused by missile impact or interception debris. One man in Jerusalem lightly wounded by missile fragment.,IL,Israel,Ballistic missiles. Specific type unconfirmed.,TRUE,FALSE,FALSE,FALSE,FALSE,FALSE,FALSE,FALSE,32.07,34.78,https://www.jpost.com/israel-news/defense-news/article-889920 | https://www.timesofisrael.com/liveblog-march-16-2026/,"Fifty-ninth wave of Operation True Promise 4. Day 17 (March 16). Follow-up missile volley shortly after wave 56, targeting central Israel and Jerusalem. One man wounded in moderate condition after glass shards struck his head, evacuated to hospital. A man in Jerusalem was lightly wounded by a missile fragment."
tp4_60,tp4_osint_repo,tp4,60,60,2026-03-16T13:00:00Z,2026-03-16T12:45:00Z,2026-03-16,"Central Israel and Jerusalem area. Shrapnel fell near the Knesset, National Library, and Church of the Holy Sepulchre in Jerusalem. Large intercepted missile chunk damaged a home in East Jerusalem. 10 locations damaged across central Israel: 7 in Rishon Lezion, plus Lod, Shoham, and Highway 431. Interceptor debris fell in Safed (northern Israel).",IL,Israel,Ballistic missiles with cluster munition warheads. Specific missile type unconfirmed but consistent with Emad/Ghadr class based on trajectory and engagement by Arrow systems.,TRUE,FALSE,FALSE,TRUE,FALSE,FALSE,FALSE,FALSE,31.78,35.22,https://www.jpost.com/israel-news/defense-news/article-889920 | https://www.timesofisrael.com/liveblog-march-16-2026/,"Sixtieth wave of Operation True Promise 4. Day 17 (March 16). Afternoon missile barrage targeting central Israel and Jerusalem area. Shrapnel from interceptions fell near the Knesset, the National Library, and the Church of the Holy Sepulchre in Jerusalem. A large intercepted missile chunk damaged a home in East Jerusalem. Israel Fire and Rescue Authority reported 10 locations damaged by intercepted missile shrapnel or cluster munitions — seven in Rishon Lezion, with additional impacts in Lod, Shoham, and along Highway 431. Interceptor debris fell in Safed, northern Israel, initially suspected of leaking hazardous material but later ruled out by the Environmental Protection Ministry. Day 17 aggregate: Health Ministry reported 142 injured over 24 hours — 3 in moderate condition, 134 in good condition, 5 treated for anxiety. IDF launched extensive counterstrikes on Iranian targets in Tehran, Shiraz, and Tabriz simultaneously."
tp4_61,tp4_osint_repo,tp4,61,61,2026-03-16T14:00:00Z,2026-03-16T12:00:00Z,2026-03-16,"UAE: 6 ballistic missiles and 21 drones intercepted. Fujairah petroleum industrial zone hit by drone (fire, oil loading suspended). Abu Dhabi Al Bahyah area (1 civilian killed by missile strike on car). Qatar: two waves of missiles intercepted over Doha (~12:30 and 13:00 UTC). Saudi Arabia: 64 drones intercepted (61 Eastern Province, 3 Riyadh). Iraq: drone near US embassy Baghdad intercepted; Jurf al-Sakhar attack (1 federal police officer, 2 PMF members injured).",AE | QA | SA | IQ,Iraq | Qatar | Saudi Arabia | United Arab Emirates,Ballistic missiles and drones. 6 ballistic missiles and 21 drones intercepted by UAE. 64 drones intercepted by Saudi Arabia. Two waves of missiles at Qatar. Drone near US embassy in Baghdad.,TRUE,TRUE,FALSE,FALSE,TRUE,TRUE,TRUE,FALSE,25.13,56.33,https://gulfnews.com/ | https://www.timesofisrael.com/liveblog-march-16-2026/ | https://thepeninsulaqatar.com/ | https://www.hindustantimes.com/,"Sixty-first wave of Operation True Promise 4. Day 17 (March 16). Combined attack targeting UAE, Qatar, Saudi Arabia, and Iraq. UAE air defenses intercepted 6 ballistic missiles and 21 drones launched from Iran. A drone attack caused a fire at the Fujairah petroleum industrial zone, forcing suspension of oil loading operations. One Palestinian civilian killed in Abu Dhabi (Al Bahyah area) when a missile struck their car. Qatar armed forces intercepted two waves of Iranian missiles over Doha. Saudi Arabia intercepted 64 drones — 61 aimed at Eastern Province and 3 over Riyadh. In Iraq, air defenses intercepted a drone near the US embassy in Baghdad; one federal police officer and two PMF members injured at Jurf al-Sakhar south of Baghdad."
tp4_62,tp4_osint_repo,tp4,62,62,2026-03-16T20:36:00Z,2026-03-16T20:20:00Z,2026-03-16,Central Israel and West Bank. Small number of ballistic missiles likely intercepted or struck open areas. No injuries.,IL | PS,Israel,Ballistic missiles targeting Israel. Specific type unconfirmed. Small number launched.,TRUE,FALSE,FALSE,FALSE,FALSE,FALSE,FALSE,FALSE,32,34.9,,Sixty-second wave of Operation True Promise 4. Day 17 (March 16). Late evening ballistic missile attack targeting central Israel and the West Bank. Small number of missiles likely intercepted or struck open areas. No injuries reported. Seventh Israel-targeting salvo since midnight March 16 IST.
tp4_63,tp4_osint_repo,tp4,63,63,2026-03-17T00:00:00Z,2026-03-16T22:00:00Z,2026-03-17,Dubai International Airport fuel storage facility. Drone-induced fire caused temporary flight suspensions.,AE,United Arab Emirates,Drone strike on fuel storage facility near Dubai International Airport. Specific drone variant unconfirmed.,FALSE,TRUE,FALSE,FALSE,TRUE,FALSE,FALSE,FALSE,25.25,55.36,https://gulfnews.com/ | https://www.hindustantimes.com/,Sixty-third wave of Operation True Promise 4. Day 17 (March 16). Drone strike on fuel storage tank near Dubai International Airport in the early hours of March 17 local time (midnight UTC). Fire caused temporary suspension of flights at Dubai International Airport.
tp4_64,tp4_osint_repo,tp4,64,64,2026-03-17T01:37:00Z,,2026-03-17,Central Israel. Ballistic missiles likely intercepted. No casualties reported.,IL,Israel,Ballistic missiles targeting Israel. Small number launched.,TRUE,FALSE,FALSE,FALSE,FALSE,FALSE,FALSE,FALSE,32,34.9,,Sixty-fourth wave of Operation True Promise 4. Day 18 (March 17). Early morning ballistic missile salvo targeting central Israel. Sirens sounded across central Israel at 03:37 AM IST. No casualties reported. First of multiple salvos since midnight March 17.
tp4_65,tp4_osint_repo,tp4,65,65,2026-03-17T02:57:00Z,,2026-03-17,Central Israel and West Bank. No casualties.,IL | PS,Israel,Ballistic missiles targeting Israel. Small number launched.,TRUE,FALSE,FALSE,FALSE,FALSE,FALSE,FALSE,FALSE,32,34.9,,Sixty-fifth wave of Operation True Promise 4. Day 18 (March 17). Pre-dawn ballistic missile salvo targeting central Israel and the West Bank. Sirens at 04:57 AM IST. No casualties reported.
tp4_66,tp4_osint_repo,tp4,66,66,2026-03-17T04:37:00Z,,2026-03-17,Central Israel and Jerusalem. Cluster munition impacts in Rishon Lezion. Searches underway at impact sites.,IL,Israel,Ballistic missiles targeting Israel. Small number launched.,TRUE,FALSE,FALSE,TRUE,FALSE,FALSE,FALSE,FALSE,32,34.9,,Sixty-sixth wave of Operation True Promise 4. Day 18 (March 17). Dawn ballistic missile salvo with cluster munitions targeting central Israel and Jerusalem area. Sirens at 06:37 AM IST. Cluster munition impacts reported in Rishon Lezion. Searches underway at impact sites.
tp4_67,tp4_osint_repo,tp4,67,67,2026-03-17T08:00:00Z,,2026-03-17,Northern Israel. Rockets hit Nahariya and Upper Galilee. Six people suffered mild smoke inhalation in Nahariya.,IL,Israel,Hezbollah rockets targeting northern Israel. Multiple rockets fired.,FALSE,FALSE,FALSE,FALSE,FALSE,FALSE,FALSE,FALSE,32,34.9,,"Sixty-seventh wave of Operation True Promise 4. Day 18 (March 17). Hezbollah rocket and drone barrage targeting northern Israel. Sirens in multiple northern towns. No injuries reported from this salvo. Note: six injuries from smoke inhalation in Nahariya occurred on March 16 evening, not this wave."
tp4_68,tp4_osint_repo,tp4,68,68,2026-03-17T11:00:00Z,,2026-03-17,Central Tel Aviv area. Cluster munition impacts. Impact crater and overturned car in Rishon Lezion. Two men (50s) lightly injured.,IL,Israel,Ballistic missiles targeting Israel. Small number launched.,TRUE,FALSE,FALSE,TRUE,FALSE,FALSE,FALSE,FALSE,32,34.9,,Sixty-eighth wave of Operation True Promise 4. Day 18 (March 17). Afternoon ballistic missile salvo with suspected cluster munitions targeting central Tel Aviv. Two men in their 50s sustained minor injuries. Impact crater and overturned car documented in Rishon Lezion.
tp4_69,tp4_osint_repo,tp4,69,69,2026-03-17T13:39:00Z,,2026-03-17,Jerusalem and central Israel. Small number of ballistic missiles. No injuries.,IL,Israel,Ballistic missiles targeting Israel. Small number launched.,TRUE,FALSE,FALSE,FALSE,FALSE,FALSE,FALSE,FALSE,32,34.9,,Sixty-ninth wave of Operation True Promise 4. Day 18 (March 17). Afternoon ballistic missile salvo targeting Jerusalem and central Israel. Sirens at 15:39 IST. Small number of missiles likely intercepted or struck open areas. No injuries reported.
tp4_70,tp4_osint_repo,tp4,70,70,2026-03-17T14:30:00Z,,2026-03-17,Central Israel. Ballistic missiles launched from Iran. Assessment pending.,IL,Iran | Israel,Ballistic missiles targeting Israel. Small number launched.,TRUE,FALSE,FALSE,FALSE,FALSE,FALSE,FALSE,FALSE,32,34.9,,Seventieth wave of Operation True Promise 4. Day 18 (March 17). Possible additional ballistic missile salvo targeting central Israel in the late afternoon. Timing and details unconfirmed — may overlap with wave 69 (15:39 IST). Assessment pending.
tp4_71,tp4_osint_repo,tp4,71,71,2026-03-17T03:00:00Z,,2026-03-17,US Embassy compound in Baghdad Green Zone. At least one drone landed near embassy. Smoke rising from compound.,IQ,,At least 5 drones and 2 Katyusha rockets targeting US Embassy Baghdad.,FALSE,TRUE,FALSE,FALSE,FALSE,FALSE,FALSE,FALSE,33.3,44.4,,Seventy-first wave of Operation True Promise 4. Day 18 (March 17). Drone and rocket attack on US Embassy compound in Baghdad Green Zone. Most intense assault on the embassy since TP4 began. At least five drones involved; one drone landed near the embassy with smoke rising from the compound. Two Katyusha rockets also fired at the embassy.
tp4_72,tp4_osint_repo,tp4,72,72,2026-03-17T05:00:00Z,,2026-03-17,UAE. Fujairah Oil Industry Zone fire. Tanker hit near Fujairah. Pakistani national killed by shrapnel in Abu Dhabi. Dubai airspace briefly shut.,AE,United Arab Emirates,"10 ballistic missiles and 45+ drones targeting UAE. Shahed-136, Shahed-107, and Shahed-238 identified.",TRUE,TRUE,FALSE,FALSE,TRUE,TRUE,FALSE,FALSE,25.1,56.3,,Seventy-second wave of Operation True Promise 4. Day 18 (March 17). Iranian drone and missile attack on UAE. UAE intercepted 10 ballistic missiles and 45 drones. Fire broke out in Fujairah Oil Industry Zone from drone strike. Tanker hit near Fujairah. Pakistani national killed by falling shrapnel in Abu Dhabi (Bani Yas). Dubai airspace briefly shut.
tp4_73,tp4_osint_repo,tp4,73,73,2026-03-17T22:00:00Z,,2026-03-17,Central Israel. Ramat Gan (2 killed). Tel Aviv train station (shrapnel damage). Partial blackout in Tel Aviv. Over 100 military and security targets claimed by IRGC.,IL,Israel,"100+ missiles including Khorramshahr-4 (multi-warhead), Qadr, Emad, Kheibar Shekan. Cluster warheads confirmed.",TRUE,FALSE,FALSE,TRUE,FALSE,FALSE,FALSE,TRUE,32.08,34.81,Times of Israel liveblog | Al Jazeera | IRGC statement | Sunday Guardian Live,Seventy-third wave of Operation True Promise 4. Day 19 (March 18). IRGC 61st announced wave. Massive missile barrage targeting central Israel using Khorramshahr-4 multi-warhead and Qadr missiles. Cluster warheads deployed. Two killed in Ramat Gan (elderly couple). Shrapnel damage at Tel Aviv train station. Partial blackout reported in Tel Aviv.
tp4_74,tp4_osint_repo,tp4,74,74,2026-03-18T12:22:00Z,,2026-03-18,"Akko, Haifa, Tel Aviv, Beer Sheva (Israel). Al Dhafra (UAE), Ali Al Salem (Kuwait), Al-Azraq (Jordan).",IL | AE | KW | JO,Israel | Jordan | Kuwait | United Arab Emirates,Ballistic missiles targeting 4 Israeli cities and 3 US/coalition bases.,TRUE,FALSE,FALSE,FALSE,FALSE,FALSE,FALSE,TRUE,32.08,34.78,Pravda EN | IRGC statement,"Seventy-fourth wave of Operation True Promise 4. Day 19 (March 18). IRGC 62nd announced wave. Ballistic missiles targeting four Israeli cities (Akko, Haifa, Tel Aviv, Beer Sheva) and US bases (Al Dhafra, Ali Al Salem, Al-Azraq)."
tp4_75,tp4_osint_repo,tp4,75,75,2026-03-18T03:00:00Z,,2026-03-18,"Qatar (missile intercepted). Kuwait (drone shot down at dawn). UAE (multiple explosions in Dubai, missiles and drones intercepted). Saudi Arabia (drone destroyed in Eastern Region). Bahrain (missiles and drones intercepted).",QA | KW | AE | SA | BH,Bahrain | Kuwait | Qatar | Saudi Arabia | United Arab Emirates,Missiles and drones targeting multiple Gulf states simultaneously.,TRUE,TRUE,FALSE,FALSE,FALSE,FALSE,FALSE,TRUE,25.41,51.49,Al Jazeera | Qatar MoD | Kuwait National Guard | Saudi MoD,Seventy-fifth wave of Operation True Promise 4. Day 19 (March 18). Missile and drone attacks on Gulf states. Qatar intercepted missile attack. Kuwait shot down drone at dawn. UAE intercepted missiles and drones (multiple explosions in Dubai). Saudi Arabia destroyed drone in Eastern Region. Bahrain also intercepted missiles and drones.
tp4_76,tp4_osint_repo,tp4,76,76,2026-03-18T15:00:00Z,,2026-03-18,Central Israel. 3 private aircraft damaged at Ben Gurion Airport. Haifa/Krayot suburbs impacted. IRGC claimed IAF 27th Squadron base near airport also targeted.,IL,Israel,Ballistic missiles targeting central and northern Israel.,TRUE,FALSE,FALSE,FALSE,FALSE,FALSE,FALSE,TRUE,32.0094,34.8828,Times of Israel | IDF | OSINT,Seventy-sixth wave of Operation True Promise 4. Day 19 (March 18). Missile strikes on central Israel including Ben Gurion Airport area. 3 private aircraft damaged at Ben Gurion Airport (one caught fire). Haifa/Krayot suburbs also impacted. IRGC claimed Khorramshahr-4 missiles with 1-ton warheads targeted the airport and nearby IAF 27th Squadron base.
tp4_77,tp4_osint_repo,tp4,77,77,2026-03-18T06:00:00Z,2026-03-18T05:45:00Z,2026-03-18,"Central and northern Israel. Petah Tikva (shrapnel impact — 3 injured including 2 children). Kiryat Bialik (shrapnel). Holon (cluster munition debris downed power line, cars ignited).",IL,Israel,Ballistic missiles targeting central and northern Israel. Cluster munition debris confirmed (Holon).,TRUE,FALSE,FALSE,TRUE,FALSE,FALSE,FALSE,FALSE,32.0841,34.8878,Jerusalem Post | Times of Israel | IDF | Magen David Adom | OSINT,Seventy-seventh wave of Operation True Promise 4. Day 19 (March 18). Morning missile attack on central and northern Israel (~08:00 IST / 06:00 UTC). Sirens sounded across central and northern regions. Shrapnel impact in Petah Tikva (man and two children injured) and Kiryat Bialik. Cars ignited in Holon after power line downed by Iranian cluster munition debris.
tp4_78,tp4_osint_repo,tp4,78,78,2026-03-19T21:00:00Z,2026-03-19T20:50:00Z,2026-03-19,Kiryat Shmona. Residential building hit. Four wounded including 1 serious.,IL,,Rockets targeting Kiryat Shmona and northern border communities.,FALSE,FALSE,FALSE,FALSE,FALSE,FALSE,FALSE,FALSE,33.2072,35.5718,Times of Israel | IDF | Magen David Adom,"Seventy-eighth salvo. Day 20 (March 19 evening). Hezbollah rocket barrage on Kiryat Shmona and northern border communities. Four wounded (1 serious, 1 moderate, 2 light). Residential building hit."
tp4_79,tp4_osint_repo,tp4,79,79,2026-03-19T13:00:00Z,2026-03-19T12:45:00Z,2026-03-19,Haifa area. Missile fragment near Bazan oil refinery.,IL,Israel,Ballistic missiles targeting Haifa area. Fragment near Bazan oil refinery.,TRUE,FALSE,FALSE,FALSE,TRUE,FALSE,FALSE,FALSE,32.8191,34.9983,Times of Israel | IDF | OSINT,Seventy-ninth salvo. Day 20 (March 19 night). Iranian missile fragment hits near Bazan oil refinery in Haifa. Part of overnight barrage targeting northern Israel.
tp4_80,tp4_osint_repo,tp4,80,80,2026-03-20T14:43:00Z,2026-03-20T14:30:00Z,2026-03-20,Jerusalem Old City. Shrapnel from Iranian ballistic missile fell in car park in Jewish Quarter. At least 1 Palestinian injured.,IL,Iran | Israel,Ballistic missiles targeting Jerusalem. Shrapnel fell in Old City Jewish Quarter car park.,TRUE,FALSE,FALSE,FALSE,FALSE,FALSE,FALSE,FALSE,31.77319,35.23175,Jerusalem Post | Times of Israel | IDF | OSINT,"Eightieth salvo. Day 21 (March 20). Iranian ballistic missile shrapnel falls in Jewish Quarter of the Old City of Jerusalem, impacting a car park. At least 1 Palestinian injured. Sirens sounded across Jerusalem. Highly significant — first confirmed impact inside Jerusalem's Old City walls."
tp4_81,tp4_osint_repo,tp4,81,81,2026-03-20T11:45:00Z,2026-03-20T11:30:00Z,2026-03-20,Rehovot (south of Tel Aviv). Two homes damaged. Missile fragment hit home. Structure caught fire. Two lightly wounded by cluster bomb.,IL,Israel,Ballistic missiles with cluster munitions targeting Rehovot. Cluster bomb impact confirmed.,TRUE,FALSE,FALSE,TRUE,FALSE,FALSE,FALSE,FALSE,31.8928,34.8113,Times of Israel | Jerusalem Post | IDF | Magen David Adom | CBS News,"Eighty-first salvo. Day 21 (March 20). Iranian cluster missile impact in Rehovot, south of Tel Aviv. Ten people injured. Two homes hit. Structure caught fire."
tp4_82,tp4_osint_repo,tp4,82,82,2026-03-20T08:51:00Z,2026-03-20T08:35:00Z,2026-03-20,Central and northern Israel. Israeli air defense installations and strategic radar installations (per IRGC claims).,IL,Israel,"5 super-heavy multi-warhead ballistic missile systems. Qadr, Khorramshahr, Kheibar Shekan, Qiam, and Zolfaghar missiles confirmed. IRGC Wave 66.",TRUE,TRUE,FALSE,FALSE,FALSE,FALSE,FALSE,TRUE,32.08,34.78,IRGC | Press TV | Al Mayadeen | ParsToday | Times of Israel | OSINT,"Eighty-second salvo. Day 21 (March 20). IRGC announces 66th wave of Operation True Promise 4 — 5 super-heavy multi-warhead ballistic missile systems deployed. Qadr, Khorramshahr, Kheibar Shekan, Qiam, and Zolfaghar missiles confirmed used across day's barrages. Targeting central and northern Israel."
tp4_83,tp4_osint_repo,tp4,83,83,2026-03-20T13:58:00Z,2026-03-20T13:45:00Z,2026-03-20,Ashkelon area (southern Israel) — long-range missiles. Branit barracks (northern Israel) — rocket barrage. Sirens in Kiryat Shmona.,IL,Israel,Long-range missiles targeting Ashkelon area and rockets on Branit barracks.,FALSE,FALSE,FALSE,FALSE,FALSE,FALSE,FALSE,TRUE,31.6688,34.5743,Times of Israel | IDF | Hezbollah statement | OSINT,Eighty-third salvo. Day 21 (March 20). Hezbollah long-range missile attack targeting southern Israel. Sirens in Ashkelon and areas near Gaza Strip. Also rocket barrage on Branit barracks in north.
