year,country,flow,product_group,commodity_key,total_trade_usd,total_weight_kg,total_weight_tonnes,total_quantity,rows,any_quantity_available,any_weight_available
2024,ALBANIA,import,refined_products,light_oils_refined,83732021.668,0,0,0,1,FALSE,FALSE
2024,ANTIGUA AND BARBUDA,import,crude_oil,crude_oil,1189.848,219.919,0.219919,219.919,1,TRUE,TRUE
2024,ANTIGUA AND BARBUDA,import,lng,lng,619191.636,1327706,1327.706,1327706,1,TRUE,TRUE
2024,ARGENTINA,export,crude_oil,crude_oil,4931109474.66,8686507120,8686507.12,8686507120,1,TRUE,TRUE
2024,ARGENTINA,export,refined_products,light_oils_refined,704624543.22,1081380830,1081380.83,1081380830,1,TRUE,TRUE
2024,ARGENTINA,import,lng,lng,675501161.77,1139647970,1139647.97,1139647970,1,TRUE,TRUE
2024,ARGENTINA,import,refined_products,light_oils_refined,230195136.69,260170625.813,260170.625813,260170625.813,1,TRUE,TRUE
2024,ARMENIA,export,refined_products,light_oils_refined,1812.29,471.74,0.47174,471.74,1,TRUE,TRUE
2024,ARMENIA,import,crude_oil,crude_oil,285128.68,421910,421.91,421910,1,TRUE,TRUE
2024,ARMENIA,import,refined_products,light_oils_refined,190694684.11,213493461.7,213493.46169999999,213493461.7,1,TRUE,TRUE
2024,AUSTRALIA,export,crude_oil,crude_oil,7064711970.251,0,0,13791172716,1,TRUE,FALSE
2024,AUSTRALIA,export,lng,lng,44521041774.551,81275600000,81275600,81275600000,1,TRUE,TRUE
2024,AUSTRALIA,export,refined_products,light_oils_refined,587872349.924,0,0,1224868693.26,1,TRUE,FALSE
2024,AUSTRALIA,import,crude_oil,crude_oil,5378538279.34,9201576099.46,9201576.099459998,9201576099.46,1,TRUE,TRUE
2024,AUSTRALIA,import,lng,lng,18515.222,0,0,0,1,FALSE,FALSE
2024,AUSTRALIA,import,refined_products,light_oils_refined,6984819909.432,11053076657.22,11053076.657219999,11053076657.22,1,TRUE,TRUE
2024,AUSTRIA,export,lng,lng,1684.184,1918,1.918,1918,1,TRUE,TRUE
2024,AUSTRIA,export,refined_products,light_oils_refined,616875822.21,0,0,0,1,FALSE,FALSE
2024,AUSTRIA,import,crude_oil,crude_oil,4824818484.738,7668799862,7668799.862,7668799862,1,TRUE,TRUE
2024,AUSTRIA,import,lng,lng,2212059.864,3063660,3063.66,3063660,1,TRUE,TRUE
2024,AUSTRIA,import,refined_products,light_oils_refined,695389471.075,803012512,803012.512,803012512,1,TRUE,TRUE
2024,AZERBAIJAN,export,crude_oil,crude_oil,14437355994.08,23596170696,23596170.696,23596170696,1,TRUE,TRUE
2024,AZERBAIJAN,export,refined_products,light_oils_refined,2609792.66,5670966.96,5670.96696,5670966.96,1,TRUE,TRUE
2024,AZERBAIJAN,import,crude_oil,crude_oil,1020192983.83,1868936100,1868936.1,1868936100,1,TRUE,TRUE
2024,AZERBAIJAN,import,refined_products,light_oils_refined,317954188.96,379874362.88,379874.36288,379874362.88,1,TRUE,TRUE
2024,BARBADOS,export,crude_oil,crude_oil,13633480,24238000,24238,24238000,1,TRUE,TRUE
2024,BARBADOS,export,refined_products,light_oils_refined,308897,110411,110.411,110411,1,TRUE,TRUE
2024,BARBADOS,import,lng,lng,11148062.5,18707265,18707.265,18707265,1,TRUE,TRUE
2024,BARBADOS,import,refined_products,light_oils_refined,82834246.5,95481236,95481.236,95481236,1,TRUE,TRUE
2024,BARBADOS,re-export,refined_products,light_oils_refined,308897,110411,110.411,110411,1,TRUE,TRUE
2024,BELGIUM,export,crude_oil,crude_oil,51327789.243,0,0,0,1,FALSE,FALSE
2024,BELGIUM,export,lng,lng,17477430.162,51381405.3,51381.4053,51381405.3,1,TRUE,TRUE
2024,BELGIUM,export,refined_products,light_oils_refined,12558461599.41,16907192879.522,16907192.879522,16907192879.522,1,TRUE,TRUE
2024,BELGIUM,import,crude_oil,crude_oil,23029348913.242,0,0,0,1,FALSE,FALSE
2024,BELGIUM,import,lng,lng,2855924850.928,5847511180,5847511.18,5847511180,1,TRUE,TRUE
2024,BELGIUM,import,refined_products,light_oils_refined,6576191026.433,0,0,0,1,FALSE,FALSE
2024,BELIZE,export,refined_products,light_oils_refined,13457.295,12981.3,12.9813,12981.3,1,TRUE,TRUE
2024,BELIZE,import,crude_oil,crude_oil,240011.89,887698,887.698,887698,1,TRUE,TRUE
2024,BELIZE,import,refined_products,light_oils_refined,73309915.483,194779076.93,194779.07693,194779076.93,1,TRUE,TRUE
2024,BELIZE,re-export,refined_products,light_oils_refined,13457.295,12981.3,12.9813,12981.3,1,TRUE,TRUE
2024,BOLIVIA (PLURINATIONAL STATE OF),export,crude_oil,crude_oil,1419208.15,3036654,3036.654,3036654,1,TRUE,TRUE
2024,BOLIVIA (PLURINATIONAL STATE OF),import,crude_oil,crude_oil,105973107,168709097.426,168709.097426,168709097.426,1,TRUE,TRUE
2024,BOLIVIA (PLURINATIONAL STATE OF),import,refined_products,light_oils_refined,951499590,0,0,1019579107.582,1,TRUE,FALSE
2024,BOSNIA HERZEGOVINA,export,crude_oil,crude_oil,4664390.305,7881026.8,7881.0268,7881026.8,1,TRUE,TRUE
2024,BOSNIA HERZEGOVINA,export,lng,lng,667087.396,578065.3,578.0653000000001,578065.3,1,TRUE,TRUE
2024,BOSNIA HERZEGOVINA,export,refined_products,light_oils_refined,15636.389,5308.9,5.3088999999999995,5308.9,1,TRUE,TRUE
2024,BOSNIA HERZEGOVINA,import,lng,lng,134026.764,143894.5,143.8945,143894.5,1,TRUE,TRUE
2024,BOSNIA HERZEGOVINA,import,refined_products,light_oils_refined,146983423.324,0,0,0,1,FALSE,FALSE
2024,BRAZIL,export,crude_oil,crude_oil,44842761197,89660869085.67,89660869.08567,89660869085.67,1,TRUE,TRUE
2024,BRAZIL,export,lng,lng,5139,262,0.262,262,1,TRUE,TRUE
2024,BRAZIL,export,refined_products,light_oils_refined,1222918739,1645387471.104,1645387.471104,1645387471.104,1,TRUE,TRUE
2024,BRAZIL,import,crude_oil,crude_oil,8943296861,0,0,0,1,FALSE,FALSE
2024,BRAZIL,import,lng,lng,2213190106,3258494850,3258494.85,3258494850,1,TRUE,TRUE
2024,BRAZIL,import,refined_products,light_oils_refined,5211472596,6683718779.09,6683718.77909,6683718779.09,1,TRUE,TRUE
2024,BULGARIA,export,refined_products,light_oils_refined,1408008090.248,1913455489,1913455.489,1913455489,1,TRUE,TRUE
2024,BULGARIA,import,crude_oil,crude_oil,4035630939.916,6630028418,6630028.418,6630028418,1,TRUE,TRUE
2024,BULGARIA,import,lng,lng,179762.422,223360,223.36,223360,1,TRUE,TRUE
2024,BULGARIA,import,refined_products,light_oils_refined,192493205.864,232321617.852,232321.617852,232321617.852,1,TRUE,TRUE
2024,BURKINA FASO,export,crude_oil,crude_oil,50.011,240,0.24,240,1,TRUE,TRUE
2024,BURKINA FASO,export,refined_products,light_oils_refined,115098.686,80308,80.308,80308,1,TRUE,TRUE
2024,BURKINA FASO,import,crude_oil,crude_oil,15634.04,24503,24.503,24503,1,TRUE,TRUE
2024,BURKINA FASO,import,lng,lng,163.499,100,0.1,100,1,TRUE,TRUE
2024,BURKINA FASO,import,refined_products,light_oils_refined,748593800.658,754074723,754074.723,754074723,1,TRUE,TRUE
2024,BURKINA FASO,re-export,refined_products,light_oils_refined,115098.686,80308,80.308,80308,1,TRUE,TRUE
2024,CANADA,export,crude_oil,crude_oil,107585282284.098,193857115569.385,193857115.56938502,193857115569.385,1,TRUE,TRUE
2024,CANADA,export,refined_products,light_oils_refined,4545369231.408,7596392378,7596392.378,7596392378,1,TRUE,TRUE
2024,CANADA,import,crude_oil,crude_oil,15171602177.525,24153177936.743,24153177.936743,24153177936.743,1,TRUE,TRUE
2024,CANADA,import,lng,lng,240249279.991,684796491.712,684796.491712,684796491.712,1,TRUE,TRUE
2024,CANADA,import,refined_products,light_oils_refined,9816716551.322,20579450085.8,20579450.0858,20579450085.8,1,TRUE,TRUE
2024,CANADA,re-export,crude_oil,crude_oil,43360559.235,78131067.412,78131.067412,78131067.412,1,TRUE,TRUE
2024,CANADA,re-export,refined_products,light_oils_refined,8640250.827,13186636,13186.636,13186636,1,TRUE,TRUE
2024,CHILE,export,crude_oil,crude_oil,10113086.01,24610200,24610.2,24610200,1,TRUE,TRUE
2024,CHILE,export,lng,lng,20717832.48,38046100,38046.1,38046100,1,TRUE,TRUE
2024,CHILE,export,refined_products,light_oils_refined,86997667.284,147825784.579,147825.784579,147825784.579,1,TRUE,TRUE
2024,CHILE,import,crude_oil,crude_oil,5045101549.3,8900689064.79,8900689.064790001,8900689064.79,1,TRUE,TRUE
2024,CHILE,import,lng,lng,732978695.85,2024765200,2024765.2,2024765200,1,TRUE,TRUE
2024,CHILE,import,refined_products,light_oils_refined,751393363.502,0,0,0,1,FALSE,FALSE
2024,CHINA,export,crude_oil,crude_oil,1178947474,2089129800,2089129.8,2089129800,1,TRUE,TRUE
2024,CHINA,export,lng,lng,482123906,753320605,753320.605,753320605,1,TRUE,TRUE
2024,CHINA,export,refined_products,light_oils_refined,7725461641,10029768181,10029768.181,10029768181,1,TRUE,TRUE
2024,CHINA,import,crude_oil,crude_oil,325186599333,553231901236,553231901.236,553231901236,1,TRUE,TRUE
2024,CHINA,import,lng,lng,44057222716,76572092210,76572092.21,76572092210,1,TRUE,TRUE
2024,CHINA,import,refined_products,light_oils_refined,8665409813,12312517084.145,12312517.084145,12312517084.145,1,TRUE,TRUE
2024,"CHINA, HONG KONG SAR",export,refined_products,light_oils_refined,4909666.526,3595000,3595,3595000,1,TRUE,TRUE
2024,"CHINA, HONG KONG SAR",import,lng,lng,344726879.153,698219000,698219,698219000,1,TRUE,TRUE
2024,"CHINA, HONG KONG SAR",import,refined_products,light_oils_refined,450514274.338,791259000,791259,791259000,1,TRUE,TRUE
2024,CROATIA,export,crude_oil,crude_oil,773594230,1267246500.1,1267246.5000999998,1267246500.1,1,TRUE,TRUE
2024,CROATIA,export,lng,lng,2338217,3418485.2,3418.4852,3418485.2,1,TRUE,TRUE
2024,CROATIA,export,refined_products,light_oils_refined,295392759,380187415.591,380187.415591,380187415.591,1,TRUE,TRUE
2024,CROATIA,import,crude_oil,crude_oil,1719311482,0,0,0,1,FALSE,FALSE
2024,CROATIA,import,lng,lng,974224425,1720001300,1720001.3,1720001300,1,TRUE,TRUE
2024,CROATIA,import,refined_products,light_oils_refined,242351257,278253171.678,278253.17167799996,278253171.678,1,TRUE,TRUE
2024,CYPRUS,export,refined_products,light_oils_refined,1288045341.979,1652755370,1652755.37,1652755370,1,TRUE,TRUE
2024,CYPRUS,import,crude_oil,crude_oil,2138.784,1046,1.046,1046,1,TRUE,TRUE
2024,CYPRUS,import,refined_products,light_oils_refined,1339975338.172,1749939310,1749939.31,1749939310,1,TRUE,TRUE
2024,CYPRUS,re-export,refined_products,light_oils_refined,2926.757,140,0.14,140,1,TRUE,TRUE
2024,CZECH REP.,export,crude_oil,crude_oil,12120,0,0,0,1,FALSE,FALSE
2024,CZECH REP.,export,lng,lng,19,31.82,0.03182,31.82,1,TRUE,TRUE
2024,CZECH REP.,export,refined_products,light_oils_refined,469664484,521066310.019,521066.31001899997,521066310.019,1,TRUE,TRUE
2024,CZECH REP.,import,crude_oil,crude_oil,4029827381,0,0,0,1,FALSE,FALSE
2024,CZECH REP.,import,lng,lng,15079259,20759202.3,20759.2023,20759202.3,1,TRUE,TRUE
2024,CZECH REP.,import,refined_products,light_oils_refined,766560292,916397528.632,916397.528632,916397528.632,1,TRUE,TRUE
2024,DENMARK,export,crude_oil,crude_oil,396230751.77,0,0,0,1,FALSE,FALSE
2024,DENMARK,export,refined_products,light_oils_refined,652185324.524,0,0,0,1,FALSE,FALSE
2024,DENMARK,import,crude_oil,crude_oil,2840249374.248,4436890792,4436890.792,4436890792,1,TRUE,TRUE
2024,DENMARK,import,lng,lng,718141.896,1876810,1876.81,1876810,1,TRUE,TRUE
2024,DENMARK,import,refined_products,light_oils_refined,401939234.87,582152038.811,582152.038811,582152038.811,1,TRUE,TRUE
2024,DOMINICAN REP.,export,crude_oil,crude_oil,3365,54,0.054,54,1,TRUE,TRUE
2024,DOMINICAN REP.,export,lng,lng,204781.054,454911,454.911,454911,1,TRUE,TRUE
2024,DOMINICAN REP.,export,refined_products,light_oils_refined,54688575.721,82271445.817,82271.445817,82211635.817,1,TRUE,TRUE
2024,DOMINICAN REP.,import,crude_oil,crude_oil,801988408.816,1239239798.8,1239239.7988,1239201428.8,1,TRUE,TRUE
2024,DOMINICAN REP.,import,lng,lng,790127278.68,1842142290,1842142.29,1842142290,1,TRUE,TRUE
2024,DOMINICAN REP.,import,refined_products,light_oils_refined,2848182601.837,0,0,0,1,FALSE,FALSE
2024,ECUADOR,export,crude_oil,crude_oil,7834790006.4,17091526369,17091526.369,17091526369,1,TRUE,TRUE
2024,ECUADOR,export,refined_products,light_oils_refined,2755.47,267.411,0.267411,267.411,1,TRUE,TRUE
2024,ECUADOR,import,crude_oil,crude_oil,8288.492,959.58,0.95958,959.58,1,TRUE,TRUE
2024,ECUADOR,import,lng,lng,48478.42,92170.87,92.17087,92170.87,1,TRUE,TRUE
2024,ECUADOR,import,refined_products,light_oils_refined,120251242.472,105735721.144,105735.721144,105735721.144,1,TRUE,TRUE
2024,EGYPT,export,crude_oil,crude_oil,1408882000,2538653939.452,2538653.939452,2538653939.452,1,TRUE,TRUE
2024,EGYPT,export,lng,lng,313820000,525559583.832,525559.583832,525559583.832,1,TRUE,TRUE
2024,EGYPT,export,refined_products,light_oils_refined,3011933604.39,3225601175.19,3225601.17519,3225601175.19,1,TRUE,TRUE
2024,EGYPT,import,crude_oil,crude_oil,825180000,1313685867.625,1313685.867625,1313685867.625,1,TRUE,TRUE
2024,EGYPT,import,lng,lng,4900650000,9286657898.641,9286657.898641001,9286657898.641,1,TRUE,TRUE
2024,EGYPT,import,refined_products,light_oils_refined,7106216638.188,7614664361.807,7614664.361807,7614664361.807,1,TRUE,TRUE
2024,EL SALVADOR,export,refined_products,light_oils_refined,52410207.61,60226670.92,60226.670920000004,60226670.92,1,TRUE,TRUE
2024,EL SALVADOR,import,crude_oil,crude_oil,45292.5,32616.78,32.61678,32616.78,1,TRUE,TRUE
2024,EL SALVADOR,import,lng,lng,181482442.9,350078530,350078.53,350078530,1,TRUE,TRUE
2024,EL SALVADOR,import,refined_products,light_oils_refined,775742326.7,874978101.42,874978.10142,874978101.42,1,TRUE,TRUE
2024,ESTONIA,export,crude_oil,crude_oil,65.23,6,0.006,6,1,TRUE,TRUE
2024,ESTONIA,export,lng,lng,7353360.48,11308910,11308.91,11308910,1,TRUE,TRUE
2024,ESTONIA,export,refined_products,light_oils_refined,162407300.64,224410612.314,224410.612314,224410612.314,1,TRUE,TRUE
2024,ESTONIA,import,crude_oil,crude_oil,76.63,14,0.014,14,1,TRUE,TRUE
2024,ESTONIA,import,lng,lng,15129478.73,26676574,26676.574,26676574,1,TRUE,TRUE
2024,ESTONIA,import,refined_products,light_oils_refined,212398811.14,0,0,0,1,FALSE,FALSE
2024,ESTONIA,re-export,refined_products,light_oils_refined,1445844.83,1789360,1789.36,1789360,1,TRUE,TRUE
2024,EU-28,export,crude_oil,crude_oil,395280286.61,0,0,0,1,FALSE,FALSE
2024,EU-28,export,lng,lng,638418594.769,0,0,0,1,FALSE,FALSE
2024,EU-28,export,refined_products,light_oils_refined,45940577031.506,58347481822.012,58347481.822012,58347481822.012,1,TRUE,TRUE
2024,EU-28,import,crude_oil,crude_oil,283461601819.701,0,0,0,1,FALSE,FALSE
2024,EU-28,import,lng,lng,39639572733.201,72758859144.678,72758859.144678,72758859144.678,1,TRUE,TRUE
2024,EU-28,import,refined_products,light_oils_refined,12896964122.262,17173877595.921,17173877.595921,17173877595.921,1,TRUE,TRUE
2024,FIJI,export,crude_oil,crude_oil,69694.484,42900,42.9,42900,1,TRUE,TRUE
2024,FIJI,export,lng,lng,529.031,400,0.4,400,1,TRUE,TRUE
2024,FIJI,export,refined_products,light_oils_refined,293702151.644,396199897,396199.897,396199897,1,TRUE,TRUE
2024,FIJI,import,crude_oil,crude_oil,60544.019,47451.1,47.4511,47451.1,1,TRUE,TRUE
2024,FIJI,import,refined_products,light_oils_refined,659715395.256,0,0,942635520.6,1,TRUE,FALSE
2024,FIJI,re-export,crude_oil,crude_oil,69694.484,42900,42.9,42900,1,TRUE,TRUE
2024,FIJI,re-export,lng,lng,529.031,400,0.4,400,1,TRUE,TRUE
2024,FIJI,re-export,refined_products,light_oils_refined,293698479.731,396198727,396198.727,396198727,1,TRUE,TRUE
2024,FINLAND,export,crude_oil,crude_oil,297.655,248,0.248,248,1,TRUE,TRUE
2024,FINLAND,export,lng,lng,36022211.606,53785626,53785.626,53785626,1,TRUE,TRUE
2024,FINLAND,export,refined_products,light_oils_refined,2106720883.946,2283282057.791,2283282.0577909998,2283282057.791,1,TRUE,TRUE
2024,FINLAND,import,crude_oil,crude_oil,5450134512.782,8676609571.363,8676609.571363,8676609571.363,1,TRUE,TRUE
2024,FINLAND,import,lng,lng,896140324.118,1626861762.965,1626861.762965,1626861762.965,1,TRUE,TRUE
2024,FINLAND,import,refined_products,light_oils_refined,811915137.57,0,0,0,1,FALSE,FALSE
2024,FRANCE,export,crude_oil,crude_oil,16103887.031,24440664.903,24440.664903,24440664.903,1,TRUE,TRUE
2024,FRANCE,export,lng,lng,38074517.526,63764029.015,63764.029015,63764029.015,1,TRUE,TRUE
2024,FRANCE,export,refined_products,light_oils_refined,4451681721.083,0,0,0,1,FALSE,FALSE
2024,FRANCE,import,crude_oil,crude_oil,29685193775.098,47020133246.088,47020133.246088,47020133246.088,1,TRUE,TRUE
2024,FRANCE,import,lng,lng,10915238820.327,20684213075.07,20684213.07507,20684213075.07,1,TRUE,TRUE
2024,FRANCE,import,refined_products,light_oils_refined,7043791257.016,0,0,0,1,FALSE,FALSE
2024,FRENCH POLYNESIA,import,refined_products,light_oils_refined,118894.327,32592.542,32.592542,32592.542,1,TRUE,TRUE
2024,GEORGIA,export,refined_products,light_oils_refined,60379583.871,0,0,0,1,FALSE,FALSE
2024,GEORGIA,import,crude_oil,crude_oil,5845497.911,0,0,0,1,FALSE,FALSE
2024,GEORGIA,import,lng,lng,86446.895,0,0,0,1,FALSE,FALSE
2024,GEORGIA,import,refined_products,light_oils_refined,583488858.498,726956837.14,726956.83714,0,1,FALSE,TRUE
2024,GEORGIA,re-export,refined_products,light_oils_refined,59583941.281,0,0,0,1,FALSE,FALSE
2024,GERMANY,export,crude_oil,crude_oil,1171356.463,0,0,0,1,FALSE,FALSE
2024,GERMANY,export,lng,lng,5614557.476,6213350,6213.35,6213350,1,TRUE,TRUE
2024,GERMANY,export,refined_products,light_oils_refined,5263538517.264,6265194179.719,6265194.179719,6265194179.719,1,TRUE,TRUE
2024,GERMANY,import,crude_oil,crude_oil,48408417527.171,78435091548,78435091.548,78435091548,1,TRUE,TRUE
2024,GERMANY,import,lng,lng,2939222000.572,4783690000,4783690,4783690000,1,TRUE,TRUE
2024,GERMANY,import,refined_products,light_oils_refined,6494202532.878,8669134535.439,8669134.535439,8669134535.439,1,TRUE,TRUE
2024,GREECE,export,crude_oil,crude_oil,42743484.702,81595300,81595.3,81595300,1,TRUE,TRUE
2024,GREECE,export,lng,lng,2917579.26,3742681,3742.681,3742681,1,TRUE,TRUE
2024,GREECE,export,refined_products,light_oils_refined,3999866542.115,5110455358,5110455.358,5110455358,1,TRUE,TRUE
2024,GREECE,import,crude_oil,crude_oil,14772480141.182,0,0,0,1,FALSE,FALSE
2024,GREECE,import,lng,lng,1249173690.21,1609303880,1609303.88,1609303880,1,TRUE,TRUE
2024,GREECE,import,refined_products,light_oils_refined,373750852.209,540707028.112,540707.028112,540707028.112,1,TRUE,TRUE
2024,GRENADA,import,crude_oil,crude_oil,1102.815,148.88,0.14887999999999998,148.88,1,TRUE,TRUE
2024,GRENADA,import,lng,lng,340.833,74.13,0.07413,74.13,1,TRUE,TRUE
2024,GRENADA,import,refined_products,light_oils_refined,35067206.017,35924430.601,35924.430601,35924430.601,1,TRUE,TRUE
2024,GUATEMALA,export,crude_oil,crude_oil,79249884,175536878,175536.878,175536878,1,TRUE,TRUE
2024,GUATEMALA,export,refined_products,light_oils_refined,19787148,20854474,20854.474,20854474,1,TRUE,TRUE
2024,GUATEMALA,import,crude_oil,crude_oil,422735,95093,95.093,95093,1,TRUE,TRUE
2024,GUATEMALA,import,refined_products,light_oils_refined,1840876198,2259235640,2259235.64,2259235640,1,TRUE,TRUE
2024,GUYANA,export,crude_oil,crude_oil,18174887650.995,16620929331,16620929.331,16620929331,1,TRUE,TRUE
2024,GUYANA,export,lng,lng,163963.718,229308,229.308,229308,1,TRUE,TRUE
2024,GUYANA,export,refined_products,light_oils_refined,26544.583,19058.5,19.0585,19058.5,1,TRUE,TRUE
2024,GUYANA,import,crude_oil,crude_oil,7447.789,0,0,0,1,FALSE,FALSE
2024,GUYANA,import,lng,lng,674549.731,896027.92,896.02792,896027.92,1,TRUE,TRUE
2024,GUYANA,import,refined_products,light_oils_refined,234694053.887,320097444.48,320097.44448,320097444.48,1,TRUE,TRUE
2024,GUYANA,re-export,lng,lng,163868.437,228820,228.82,228820,1,TRUE,TRUE
2024,GUYANA,re-export,refined_products,light_oils_refined,26418.333,19057.5,19.0575,19057.5,1,TRUE,TRUE
2024,HUNGARY,export,crude_oil,crude_oil,63143741,103179818,103179.818,103179818,1,TRUE,TRUE
2024,HUNGARY,export,refined_products,light_oils_refined,331832099,348849698.458,348849.698458,348849698.458,1,TRUE,TRUE
2024,HUNGARY,import,crude_oil,crude_oil,2860748264,5445919288,5445919.288,5445919288,1,TRUE,TRUE
2024,HUNGARY,import,lng,lng,266701,0,0,0,1,FALSE,FALSE
2024,HUNGARY,import,refined_products,light_oils_refined,822883518,949536680.74,949536.68074,949536680.74,1,TRUE,TRUE
2024,ICELAND,export,refined_products,light_oils_refined,185233.519,45957,45.957,45957,1,TRUE,TRUE
2024,ICELAND,import,crude_oil,crude_oil,533.64,12.981,0.012981,12.981,1,TRUE,TRUE
2024,ICELAND,import,lng,lng,858.42,199,0.199,199,1,TRUE,TRUE
2024,ICELAND,import,refined_products,light_oils_refined,106846492.451,115748288.692,115748.288692,115748288.692,1,TRUE,TRUE
2024,INDIA,export,lng,lng,4394400.542,4670023,4670.023,4670023,1,TRUE,TRUE
2024,INDIA,export,refined_products,light_oils_refined,19752770214.84,26625761682.563,26625761.682563,26625761682.563,1,TRUE,TRUE
2024,INDIA,import,crude_oil,crude_oil,141532322252.516,241750225067,241750225.067,241750225067,1,TRUE,TRUE
2024,INDIA,import,lng,lng,14984892381.23,27793935800,27793935.8,27793935800,1,TRUE,TRUE
2024,INDIA,import,refined_products,light_oils_refined,2145798786.956,3182199292.433,3182199.292433,3182199292.433,1,TRUE,TRUE
2024,IRELAND,export,crude_oil,crude_oil,74126.826,39253,39.253,39253,1,TRUE,TRUE
2024,IRELAND,export,lng,lng,179952.246,61186,61.186,61186,1,TRUE,TRUE
2024,IRELAND,export,refined_products,light_oils_refined,187836143.754,227427488,227427.488,227427488,1,TRUE,TRUE
2024,IRELAND,import,crude_oil,crude_oil,1246881113.146,0,0,0,1,FALSE,FALSE
2024,IRELAND,import,lng,lng,306480599.224,559184085,559184.085,559184085,1,TRUE,TRUE
2024,IRELAND,import,refined_products,light_oils_refined,523273820.04,558869874.329,558869.874329,558869874.329,1,TRUE,TRUE
2024,ISRAEL,import,crude_oil,crude_oil,7038699000,11205602902.113,11205602.902113002,11205602902.113,1,TRUE,TRUE
2024,ISRAEL,import,refined_products,light_oils_refined,524016000,561509191.653,561509.191653,561509191.653,1,TRUE,TRUE
2024,ITALY,export,crude_oil,crude_oil,632754942.115,1374841513,1374841.513,1374841513,1,TRUE,TRUE
2024,ITALY,export,lng,lng,49957355.639,0,0,0,1,FALSE,FALSE
2024,ITALY,export,refined_products,light_oils_refined,6557022192.906,8653078250.003,8653078.250003,8653078250.003,1,TRUE,TRUE
2024,ITALY,import,crude_oil,crude_oil,29098644094.028,47668545803,47668545.803,47668545803,1,TRUE,TRUE
2024,ITALY,import,lng,lng,5462422272.673,10719045520,10719045.52,10719045520,1,TRUE,TRUE
2024,ITALY,import,refined_products,light_oils_refined,1203081549.83,1769069192,1769069.192,1769069192,1,TRUE,TRUE
2024,ITALY,re-export,refined_products,light_oils_refined,252.195,1620,1.62,1620,1,TRUE,TRUE
2024,JAPAN,export,refined_products,light_oils_refined,1904974586.815,2436570532,2436570.532,2436570532,1,TRUE,TRUE
2024,JAPAN,import,crude_oil,crude_oil,71811869887.915,114958618700,114958618.7,114958618700,1,TRUE,TRUE
2024,JAPAN,import,lng,lng,41180083627.764,65890704000,65890704,65890704000,1,TRUE,TRUE
2024,JAPAN,import,refined_products,light_oils_refined,14173850420.518,19631944441.568,19631944.441568002,19631944441.568,1,TRUE,TRUE
2024,KYRGYZSTAN,export,refined_products,light_oils_refined,48327427,77587930,77587.93,77587930,1,TRUE,TRUE
2024,KYRGYZSTAN,import,crude_oil,crude_oil,166427,462298,462.298,462298,1,TRUE,TRUE
2024,KYRGYZSTAN,import,refined_products,light_oils_refined,322889916,529595570,529595.57,529595570,1,TRUE,TRUE
2024,LATVIA,export,crude_oil,crude_oil,710183.374,2590944,2590.944,2590944,1,TRUE,TRUE
2024,LATVIA,export,refined_products,light_oils_refined,120221304.125,165408557.163,165408.557163,165408557.163,1,TRUE,TRUE
2024,LATVIA,import,crude_oil,crude_oil,1610.582,1667,1.667,1667,1,TRUE,TRUE
2024,LATVIA,import,lng,lng,1835637.164,2689173,2689.173,2689173,1,TRUE,TRUE
2024,LATVIA,import,refined_products,light_oils_refined,284418958.933,0,0,0,1,FALSE,FALSE
2024,LITHUANIA,export,lng,lng,98857477,157611811,157611.811,157611811,1,TRUE,TRUE
2024,LITHUANIA,export,refined_products,light_oils_refined,2070533712,2676994556.55,2676994.5565500003,2676994556.55,1,TRUE,TRUE
2024,LITHUANIA,import,crude_oil,crude_oil,5465581486,8804712882,8804712.882,8804712882,1,TRUE,TRUE
2024,LITHUANIA,import,lng,lng,1015736718,1819111138,1819111.138,1819111138,1,TRUE,TRUE
2024,LITHUANIA,import,refined_products,light_oils_refined,60451121,80342584.631,80342.58463099999,80342584.631,1,TRUE,TRUE
2024,LUXEMBOURG,export,lng,lng,160.733,380.76,0.38076,380.76,1,TRUE,TRUE
2024,LUXEMBOURG,export,refined_products,light_oils_refined,236838.948,38631.05,38.63105,38631.05,1,TRUE,TRUE
2024,LUXEMBOURG,import,crude_oil,crude_oil,13761.602,2221.803,2.221803,2221.803,1,TRUE,TRUE
2024,LUXEMBOURG,import,lng,lng,562738.498,1333098.2,1333.0982,1333098.2,1,TRUE,TRUE
2024,LUXEMBOURG,import,refined_products,light_oils_refined,348381343.063,0,0,0,1,FALSE,FALSE
2024,LUXEMBOURG,re-export,refined_products,light_oils_refined,4291.649,0,0,0,1,FALSE,FALSE
2024,MALAYSIA,export,crude_oil,crude_oil,6238601096.712,9491339957,9491339.957,9491339957,1,TRUE,TRUE
2024,MALAYSIA,export,lng,lng,13295090757.83,27951946686.95,27951946.686950002,27951946686.95,1,TRUE,TRUE
2024,MALAYSIA,export,refined_products,light_oils_refined,8912667299.449,11869853409.932,11869853.409931999,11869853409.932,1,TRUE,TRUE
2024,MALAYSIA,import,crude_oil,crude_oil,13880443833.261,22122672638,22122672.638,22122672638,1,TRUE,TRUE
2024,MALAYSIA,import,lng,lng,2185241812.174,3245507200,3245507.2,3245507200,1,TRUE,TRUE
2024,MALAYSIA,import,refined_products,light_oils_refined,13476841405.863,0,0,0,1,FALSE,FALSE
2024,MALDIVES,import,crude_oil,crude_oil,2587.758,418,0.418,418,1,TRUE,TRUE
2024,MALDIVES,import,refined_products,light_oils_refined,23.535,1,0.001,1,1,TRUE,TRUE
2024,MALTA,export,refined_products,light_oils_refined,1473.12,305,0.305,305,1,TRUE,TRUE
2024,MALTA,import,crude_oil,crude_oil,283.584,0,0,0,1,FALSE,FALSE
2024,MALTA,import,lng,lng,134029330.15,0,0,0,1,FALSE,FALSE
2024,MALTA,import,refined_products,light_oils_refined,102326594.811,0,0,0,1,FALSE,FALSE
2024,MAURITIUS,export,refined_products,light_oils_refined,238.486,3,0.003,3,1,TRUE,TRUE
2024,MAURITIUS,import,refined_products,light_oils_refined,655365.174,515915,515.915,516306,1,TRUE,TRUE
2024,MAURITIUS,re-export,refined_products,light_oils_refined,238.486,3,0.003,3,1,TRUE,TRUE
2024,MEXICO,export,crude_oil,crude_oil,21707462281,39114513944.514,39114513.944514,39114513944.514,1,TRUE,TRUE
2024,MEXICO,export,refined_products,light_oils_refined,54094778,57932279.528,57932.279528,57932279.528,1,TRUE,TRUE
2024,MEXICO,import,crude_oil,crude_oil,1253,1994.775,1.9947750000000002,1994.775,1,TRUE,TRUE
2024,MEXICO,import,lng,lng,929549,1729227660,1729227.66,1729227660,1,TRUE,TRUE
2024,MEXICO,import,refined_products,light_oils_refined,9964798002,10677776386.758,10677776.386758,10677776386.758,1,TRUE,TRUE
2024,MONTENEGRO,export,refined_products,light_oils_refined,6936.105,2487.8,2.4878,2487.8,1,TRUE,TRUE
2024,MONTENEGRO,import,lng,lng,1142978.216,989618,989.618,989618,1,TRUE,TRUE
2024,MONTENEGRO,import,refined_products,light_oils_refined,40156843.852,46626807.058,46626.807058,46626807.058,1,TRUE,TRUE
2024,MYANMAR,import,refined_products,light_oils_refined,1640714923.56,2578439775.356,2578439.775356,2578439775.356,1,TRUE,TRUE
2024,NAMIBIA,export,crude_oil,crude_oil,21881.578,0,0,0,1,FALSE,FALSE
2024,NAMIBIA,export,lng,lng,85904.465,39305.8,39.305800000000005,39305.8,1,TRUE,TRUE
2024,NAMIBIA,export,refined_products,light_oils_refined,311370128.88,0,0,344556362.51,1,TRUE,FALSE
2024,NAMIBIA,import,crude_oil,crude_oil,10886.386,0,0,0,1,FALSE,FALSE
2024,NAMIBIA,import,lng,lng,3360843.602,0,0,0,1,FALSE,FALSE
2024,NAMIBIA,import,refined_products,light_oils_refined,1350590805.248,0,0,1479795983.942,1,TRUE,FALSE
2024,NAMIBIA,re-export,crude_oil,crude_oil,5.501,2,0.002,2,1,TRUE,TRUE
2024,NAMIBIA,re-export,refined_products,light_oils_refined,273201814.845,303457224.47,303457.22447,303457224.47,1,TRUE,TRUE
2024,NETHERLANDS,export,crude_oil,crude_oil,17039661154.182,28309005788,28309005.788,28309005788,1,TRUE,TRUE
2024,NETHERLANDS,export,lng,lng,251411903.185,340349494,340349.494,340349494,1,TRUE,TRUE
2024,NETHERLANDS,export,refined_products,light_oils_refined,20317321378.01,26041899055.833,26041899.055833,26041899055.833,1,TRUE,TRUE
2024,NETHERLANDS,import,crude_oil,crude_oil,49023357295.452,79221742644,79221742.644,79221742644,1,TRUE,TRUE
2024,NETHERLANDS,import,lng,lng,8434754699.574,13431247841,13431247.841,13431247841,1,TRUE,TRUE
2024,NETHERLANDS,import,refined_products,light_oils_refined,13607891600.459,18049661103,18049661.103,18049661103,1,TRUE,TRUE
2024,NEW ZEALAND,export,crude_oil,crude_oil,423230611.237,719483682.129,719483.682129,719483682.129,1,TRUE,TRUE
2024,NEW ZEALAND,export,lng,lng,3149.533,4500,4.5,4500,1,TRUE,TRUE
2024,NEW ZEALAND,export,refined_products,light_oils_refined,7009056.733,6719759.724,6719.7597240000005,6719759.724,1,TRUE,TRUE
2024,NEW ZEALAND,import,crude_oil,crude_oil,84846.754,24000,24,24000,1,TRUE,TRUE
2024,NEW ZEALAND,import,lng,lng,22596.267,1208,1.208,1208,1,TRUE,TRUE
2024,NEW ZEALAND,import,refined_products,light_oils_refined,1989132659.915,2931658447,2931658.447,2931658447,1,TRUE,TRUE
2024,NEW ZEALAND,re-export,crude_oil,crude_oil,12209230.16,25655520.599,25655.520599,25655520.599,1,TRUE,TRUE
2024,NEW ZEALAND,re-export,refined_products,light_oils_refined,139677.924,25642.724,25.642723999999998,25642.724,1,TRUE,TRUE
2024,NIGERIA,export,crude_oil,crude_oil,37380669161.523,0,0,0,1,FALSE,FALSE
2024,NIGERIA,export,lng,lng,4884418606.959,0,0,0,1,FALSE,FALSE
2024,NIGERIA,export,refined_products,light_oils_refined,42017863.924,0,0,0,1,FALSE,FALSE
2024,NIGERIA,import,lng,lng,14370.007,50000,50,50000,1,TRUE,TRUE
2024,NIGERIA,import,refined_products,light_oils_refined,10467890982.656,0,0,0,1,FALSE,FALSE
2024,NORWAY,export,crude_oil,crude_oil,49293154558.329,84025184200,84025184.2,84025184200,1,TRUE,TRUE
2024,NORWAY,export,lng,lng,2224840265.679,4647466279,4647466.279,4647466279,1,TRUE,TRUE
2024,NORWAY,export,refined_products,light_oils_refined,3730182435.288,5096341968,5096341.968,5096341968,1,TRUE,TRUE
2024,NORWAY,import,crude_oil,crude_oil,719775448.484,1138175000,1138175,1138175000,1,TRUE,TRUE
2024,NORWAY,import,lng,lng,33402961.906,55732417,55732.417,55732417,1,TRUE,TRUE
2024,NORWAY,import,refined_products,light_oils_refined,608905571.86,630284448.912,630284.4489119999,630284448.912,1,TRUE,TRUE
2024,PAKISTAN,export,crude_oil,crude_oil,67590587.631,105219000,105219,105219000,1,TRUE,TRUE
2024,PAKISTAN,import,crude_oil,crude_oil,5608000766.516,9748245000,9748245,9748245000,1,TRUE,TRUE
2024,PAKISTAN,import,lng,lng,3981541554.9,7544961245.872,7544961.245871999,7544961245.872,1,TRUE,TRUE
2024,PAKISTAN,import,refined_products,light_oils_refined,4378742376.113,7471303000,7471303,7471303000,1,TRUE,TRUE
2024,PANAMA,import,lng,lng,23420,2227,2.227,2227,1,TRUE,TRUE
2024,PANAMA,import,refined_products,light_oils_refined,1501233633,1558384436,1558384.436,1558384436,1,TRUE,TRUE
2024,PARAGUAY,import,crude_oil,crude_oil,236.55,8.2,0.008199999999999999,8.2,1,TRUE,TRUE
2024,PARAGUAY,import,lng,lng,25.302,0.41,4.1e-4,0.41,1,TRUE,TRUE
2024,PARAGUAY,import,refined_products,light_oils_refined,663425029.79,762482166.72,762482.16672,762482166.72,1,TRUE,TRUE
2024,PHILIPPINES,export,crude_oil,crude_oil,168274610,284114200,284114.2,284114200,1,TRUE,TRUE
2024,PHILIPPINES,export,refined_products,light_oils_refined,3410,840,0.84,840,1,TRUE,TRUE
2024,PHILIPPINES,import,crude_oil,crude_oil,3710128605,6483423000,6483423,6483423000,1,TRUE,TRUE
2024,PHILIPPINES,import,lng,lng,767725715,1184997500,1184997.5,1184997500,1,TRUE,TRUE
2024,PHILIPPINES,import,refined_products,light_oils_refined,3925936613,5021944716.48,5021944.71648,5021944716.48,1,TRUE,TRUE
2024,POLAND,export,crude_oil,crude_oil,101266882,182634768.607,182634.768607,182634768.607,1,TRUE,TRUE
2024,POLAND,export,refined_products,light_oils_refined,708409828,900469765.351,900469.765351,900469765.351,1,TRUE,TRUE
2024,POLAND,import,crude_oil,crude_oil,15192763299,24977062651,24977062.651,24977062651,1,TRUE,TRUE
2024,POLAND,import,refined_products,light_oils_refined,1437051787,1690058642.697,1690058.642697,1690058642.697,1,TRUE,TRUE
2024,PORTUGAL,export,refined_products,light_oils_refined,1813177110.216,2515919711,2515919.711,2515919711,1,TRUE,TRUE
2024,PORTUGAL,import,crude_oil,crude_oil,6414337735.498,10687346780,10687346.78,10687346780,1,TRUE,TRUE
2024,PORTUGAL,import,lng,lng,1292449547.89,3177570100,3177570.1,3177570100,1,TRUE,TRUE
2024,PORTUGAL,import,refined_products,light_oils_refined,321837861.063,420832159.485,420832.159485,420832159.485,1,TRUE,TRUE
2024,REP. OF KOREA,export,crude_oil,crude_oil,50,6.8,0.0068,6.8,1,TRUE,TRUE
2024,REP. OF KOREA,export,lng,lng,10478352,15434867,15434.867,15434867,1,TRUE,TRUE
2024,REP. OF KOREA,export,refined_products,light_oils_refined,14772103471,19394217805.67,19394217.805669997,19394217805.67,1,TRUE,TRUE
2024,REP. OF KOREA,import,crude_oil,crude_oil,85334419380,137180040598.918,137180040.598918,137180040598.918,1,TRUE,TRUE
2024,REP. OF KOREA,import,lng,lng,29272042859,46317873494,46317873.494,46317873494,1,TRUE,TRUE
2024,REP. OF KOREA,import,refined_products,light_oils_refined,19845501054,28513800779.899,28513800.779898997,28513800779.899,1,TRUE,TRUE
2024,REP. OF MOLDOVA,export,crude_oil,crude_oil,628303,1583990,1583.99,1583990,1,TRUE,TRUE
2024,REP. OF MOLDOVA,export,refined_products,light_oils_refined,121647349,137126476,137126.476,137126476,1,TRUE,TRUE
2024,REP. OF MOLDOVA,import,crude_oil,crude_oil,7056,1770,1.77,1770,1,TRUE,TRUE
2024,REP. OF MOLDOVA,import,refined_products,light_oils_refined,281455342,0,0,0,1,FALSE,FALSE
2024,REP. OF MOLDOVA,re-export,refined_products,light_oils_refined,121640964,137124150,137124.15,137124150,1,TRUE,TRUE
2024,ROMANIA,export,crude_oil,crude_oil,7529175.58,12431004,12431.004,12431004,1,TRUE,TRUE
2024,ROMANIA,export,refined_products,light_oils_refined,1717604111.49,0,0,0,1,FALSE,FALSE
2024,ROMANIA,import,crude_oil,crude_oil,4972493450.11,0,0,0,1,FALSE,FALSE
2024,ROMANIA,import,refined_products,light_oils_refined,130541083.5,0,0,0,1,FALSE,FALSE
2024,SLOVAKIA,export,crude_oil,crude_oil,694156.411,1227160,1227.16,1227160,1,TRUE,TRUE
2024,SLOVAKIA,export,lng,lng,3086266.418,8873860,8873.86,8873860,1,TRUE,TRUE
2024,SLOVAKIA,export,refined_products,light_oils_refined,606079916.174,804647541,804647.541,804647541,1,TRUE,TRUE
2024,SLOVAKIA,import,crude_oil,crude_oil,2449069017.746,0,0,0,1,FALSE,FALSE
2024,SLOVAKIA,import,lng,lng,19431507.93,0,0,0,1,FALSE,FALSE
2024,SLOVAKIA,import,refined_products,light_oils_refined,257709905.169,0,0,0,1,FALSE,FALSE
2024,SLOVENIA,export,crude_oil,crude_oil,203.895,40.9,0.0409,40.9,1,TRUE,TRUE
2024,SLOVENIA,export,refined_products,light_oils_refined,148747959.003,169764326.745,169764.326745,169764326.745,1,TRUE,TRUE
2024,SLOVENIA,import,crude_oil,crude_oil,1149.046,777.57,0.7775700000000001,777.57,1,TRUE,TRUE
2024,SLOVENIA,import,lng,lng,308074.617,337147,337.147,337147,1,TRUE,TRUE
2024,SLOVENIA,import,refined_products,light_oils_refined,476254319.33,577858312.289,577858.312289,577858312.289,1,TRUE,TRUE
2024,SOUTH AFRICA,export,crude_oil,crude_oil,51467094.764,92738173.157,92738.17315700001,92738173.157,1,TRUE,TRUE
2024,SOUTH AFRICA,export,lng,lng,13730200.167,22994195.034,22994.195034,22994195.034,1,TRUE,TRUE
2024,SOUTH AFRICA,export,refined_products,light_oils_refined,2731103287.93,2924848662.757,2924848.662757,2924848662.757,1,TRUE,TRUE
2024,SOUTH AFRICA,import,crude_oil,crude_oil,5173888228.183,0,0,8236825718.068,1,TRUE,FALSE
2024,SOUTH AFRICA,import,lng,lng,413730622.13,0,0,784013294.137,1,TRUE,FALSE
2024,SOUTH AFRICA,import,refined_products,light_oils_refined,12060402813.847,0,0,12923321110.437,1,TRUE,FALSE
2024,SPAIN,export,crude_oil,crude_oil,1884603895.643,0,0,0,1,FALSE,FALSE
2024,SPAIN,export,lng,lng,482861575.731,868498750,868498.75,868498750,1,TRUE,TRUE
2024,SPAIN,export,refined_products,light_oils_refined,3026520429.135,4133307350.65,4133307.35065,4133307350.65,1,TRUE,TRUE
2024,SPAIN,import,crude_oil,crude_oil,36623430237.103,0,0,0,1,FALSE,FALSE
2024,SPAIN,import,lng,lng,5963227480.201,11981212941,11981212.941,11981212941,1,TRUE,TRUE
2024,SPAIN,import,refined_products,light_oils_refined,862860957.615,0,0,0,1,FALSE,FALSE
2024,SRI LANKA,export,crude_oil,crude_oil,3431.74,120,0.12,120,1,TRUE,TRUE
2024,SRI LANKA,export,refined_products,light_oils_refined,180.817,11,0.011,11,1,TRUE,TRUE
2024,SRI LANKA,import,crude_oil,crude_oil,766353167.895,1519432796,1519432.796,1519432796,1,TRUE,TRUE
2024,SRI LANKA,import,refined_products,light_oils_refined,822875659.326,1209286810.969,1209286.8109690002,1209286810.969,1,TRUE,TRUE
2024,SWEDEN,export,crude_oil,crude_oil,190771.116,40975.61,40.97561,40975.61,1,TRUE,TRUE
2024,SWEDEN,export,lng,lng,30845778.039,41246832.989,41246.832989,41246832.989,1,TRUE,TRUE
2024,SWEDEN,export,refined_products,light_oils_refined,3057850827.209,3723170524.475,3723170.524475,3723170524.475,1,TRUE,TRUE
2024,SWEDEN,import,crude_oil,crude_oil,11262589794.7,17740083875.367,17740083.875367,17740083875.367,1,TRUE,TRUE
2024,SWEDEN,import,lng,lng,218001990.044,374445000,374445,374445000,1,TRUE,TRUE
2024,SWEDEN,import,refined_products,light_oils_refined,1128974950.761,1391378754.712,1391378.7547119998,1391378754.712,1,TRUE,TRUE
2024,SWITZERLAND,export,crude_oil,crude_oil,1966.061,165,0.165,165,1,TRUE,TRUE
2024,SWITZERLAND,export,lng,lng,14351.901,11350,11.35,11350,1,TRUE,TRUE
2024,SWITZERLAND,export,refined_products,light_oils_refined,15173127.431,0,0,0,1,FALSE,FALSE
2024,SWITZERLAND,import,crude_oil,crude_oil,1569790699.673,2586715000,2586715,2586715000,1,TRUE,TRUE
2024,SWITZERLAND,import,lng,lng,3381502.627,3895051.213,3895.051213,3895051.213,1,TRUE,TRUE
2024,SWITZERLAND,import,refined_products,light_oils_refined,1276007118.293,1496921349.324,1496921.3493239998,1496921349.324,1,TRUE,TRUE
2024,TFYR OF MACEDONIA,export,refined_products,light_oils_refined,3613327.22,3969904,3969.904,3969904,1,TRUE,TRUE
2024,TFYR OF MACEDONIA,import,lng,lng,3486462.91,4537375,4537.375,4537375,1,TRUE,TRUE
2024,TFYR OF MACEDONIA,import,refined_products,light_oils_refined,99367991.8,0,0,0,1,FALSE,FALSE
2024,THAILAND,export,crude_oil,crude_oil,582521347.29,992530784.746,992530.7847460001,992530784.746,1,TRUE,TRUE
2024,THAILAND,export,lng,lng,1373981.79,1813472.734,1813.472734,1813472.734,1,TRUE,TRUE
2024,THAILAND,export,refined_products,light_oils_refined,1785831597.85,0,0,2205805311.223,1,TRUE,FALSE
2024,THAILAND,import,crude_oil,crude_oil,33495252021,0,0,177761799264,1,TRUE,FALSE
2024,THAILAND,import,lng,lng,6682339507.31,11417432501,11417432.501,11417432501,1,TRUE,TRUE
2024,THAILAND,import,refined_products,light_oils_refined,2293873789.59,3036322069.491,3036322.0694910004,3036322069.491,1,TRUE,TRUE
2024,TOGO,export,refined_products,light_oils_refined,2300064.704,2834427,2834.427,2834427,1,TRUE,TRUE
2024,TOGO,import,lng,lng,51435577.874,26000000,26000,26000000,1,TRUE,TRUE
2024,TOGO,import,refined_products,light_oils_refined,60275167.315,72632962,72632.962,72632962,1,TRUE,TRUE
2024,TOGO,re-export,refined_products,light_oils_refined,2277061.136,2799441,2799.441,2799441,1,TRUE,TRUE
2024,TRINIDAD AND TOBAGO,export,crude_oil,crude_oil,1616071557.072,2766349534.118,2766349.534118,2766349534.118,1,TRUE,TRUE
2024,TRINIDAD AND TOBAGO,export,lng,lng,368543434.887,760460940,760460.94,760460940,1,TRUE,TRUE
2024,TRINIDAD AND TOBAGO,export,refined_products,light_oils_refined,180698897.199,206276380,206276.38,206276380,1,TRUE,TRUE
2024,TRINIDAD AND TOBAGO,import,crude_oil,crude_oil,2854.17,0,0,0,1,FALSE,FALSE
2024,TRINIDAD AND TOBAGO,import,lng,lng,36153.414,0,0,0,1,FALSE,FALSE
2024,TRINIDAD AND TOBAGO,import,refined_products,light_oils_refined,486194700.759,0,0,0,1,FALSE,FALSE
2024,TRINIDAD AND TOBAGO,re-export,crude_oil,crude_oil,227.551,22,0.022,22,1,TRUE,TRUE
2024,TRINIDAD AND TOBAGO,re-export,refined_products,light_oils_refined,180651374.807,204985508,204985.508,204985508,1,TRUE,TRUE
2024,TÜRKIYE,export,refined_products,light_oils_refined,1521821694,0,0,0,1,FALSE,FALSE
2024,TÜRKIYE,import,refined_products,light_oils_refined,745290535,1246630314.139,1246630.314139,1246630314.139,1,TRUE,TRUE
2024,UKRAINE,export,refined_products,light_oils_refined,6511.42,2206.3,2.2063,2206.3,1,TRUE,TRUE
2024,UKRAINE,import,crude_oil,crude_oil,14904.14,24371,24.371,24371,1,TRUE,TRUE
2024,UKRAINE,import,refined_products,light_oils_refined,1357905690.68,1515887462.504,1515887.462504,1515887462.504,1,TRUE,TRUE
2024,UNITED KINGDOM,export,crude_oil,crude_oil,16055724448.938,0,0,0,1,FALSE,FALSE
2024,UNITED KINGDOM,export,lng,lng,108263.356,129473,129.473,129473,1,TRUE,TRUE
2024,UNITED KINGDOM,export,refined_products,light_oils_refined,5357102093.497,0,0,0,1,FALSE,FALSE
2024,UNITED KINGDOM,import,crude_oil,crude_oil,30768618161.552,0,0,0,1,FALSE,FALSE
2024,UNITED KINGDOM,import,lng,lng,4349832125.187,0,0,0,1,FALSE,FALSE
2024,UNITED KINGDOM,import,refined_products,light_oils_refined,3923149316.35,4705233647.806,4705233.647806,4705233647.806,1,TRUE,TRUE
2024,USA,export,crude_oil,crude_oil,118499361483,238788419322,238788419.322,238788419322,1,TRUE,TRUE
2024,USA,export,lng,lng,28900889054,48400800534.045,48400800.534044996,48400800534.045,1,TRUE,TRUE
2024,USA,export,refined_products,light_oils_refined,46906830994,81947189670,81947189.67,81947189670,1,TRUE,TRUE
2024,USA,import,crude_oil,crude_oil,174423623898,375657066222,375657066.222,375657066222,1,TRUE,TRUE
2024,USA,import,lng,lng,988426376,1873053087.224,1873053.087224,1873053087.224,1,TRUE,TRUE
2024,USA,import,refined_products,light_oils_refined,26426301812,40467348303.876,40467348.303876,40467348303.876,1,TRUE,TRUE
2024,USA,re-export,crude_oil,crude_oil,3957351707,8414000001,8414000.001,8414000001,1,TRUE,TRUE
2024,USA,re-export,refined_products,light_oils_refined,343600205,522911727,522911.727,522911727,1,TRUE,TRUE
2024,UZBEKISTAN,export,refined_products,light_oils_refined,292792848.95,549132870,549132.87,549132870,1,TRUE,TRUE
2024,UZBEKISTAN,import,crude_oil,crude_oil,620009600.99,1041374590,1041374.59,1041374590,1,TRUE,TRUE
2024,UZBEKISTAN,import,refined_products,light_oils_refined,974145977.97,1985693998.315,1985693.998315,1985693998.315,1,TRUE,TRUE
2024,UZBEKISTAN,re-export,refined_products,light_oils_refined,195467018.98,324387640,324387.64,324387640,1,TRUE,TRUE
2024,ZIMBABWE,import,crude_oil,crude_oil,790026.253,1389083,1389.083,1389083,1,TRUE,TRUE
2024,ZIMBABWE,import,lng,lng,43215.8,64370,64.37,64370,1,TRUE,TRUE
2024,ZIMBABWE,import,refined_products,light_oils_refined,482616870.504,463449772.05,463449.77205,463449772.05,1,TRUE,TRUE
