"Country or Area","Year","Comm. Code","Commodity","Flow","Trade (USD)","Weight (kg)","Quantity Name","Quantity"
"Albania","2024","271012","Petroleum oils and oils from bituminous minerals, not containing biodiesel, not crude, not waste oils; preparations n.e.c, containing by weight 70% or more of petroleum oils or oils from bituminous minerals; light oils and preparations","Import","83732021.668","","No Quantity",""
"Argentina","2024","271012","Petroleum oils and oils from bituminous minerals, not containing biodiesel, not crude, not waste oils; preparations n.e.c, containing by weight 70% or more of petroleum oils or oils from bituminous minerals; light oils and preparations","Import","230195136.69","260170625.813","Weight in kilograms","260170625.813"
"Argentina","2024","271012","Petroleum oils and oils from bituminous minerals, not containing biodiesel, not crude, not waste oils; preparations n.e.c, containing by weight 70% or more of petroleum oils or oils from bituminous minerals; light oils and preparations","Export","704624543.22","1081380830","Weight in kilograms","1081380830"
"Armenia","2024","271012","Petroleum oils and oils from bituminous minerals, not containing biodiesel, not crude, not waste oils; preparations n.e.c, containing by weight 70% or more of petroleum oils or oils from bituminous minerals; light oils and preparations","Export","1812.29","471.74","Weight in kilograms","471.74"
"Armenia","2024","271012","Petroleum oils and oils from bituminous minerals, not containing biodiesel, not crude, not waste oils; preparations n.e.c, containing by weight 70% or more of petroleum oils or oils from bituminous minerals; light oils and preparations","Import","190694684.11","213493461.7","Weight in kilograms","213493461.7"
"Australia","2024","271012","Petroleum oils and oils from bituminous minerals, not containing biodiesel, not crude, not waste oils; preparations n.e.c, containing by weight 70% or more of petroleum oils or oils from bituminous minerals; light oils and preparations","Export","587872349.924","","Weight in kilograms","1224868693.26"
"Australia","2024","271012","Petroleum oils and oils from bituminous minerals, not containing biodiesel, not crude, not waste oils; preparations n.e.c, containing by weight 70% or more of petroleum oils or oils from bituminous minerals; light oils and preparations","Import","6984819909.432","11053076657.22","Weight in kilograms","11053076657.22"
"Austria","2024","271012","Petroleum oils and oils from bituminous minerals, not containing biodiesel, not crude, not waste oils; preparations n.e.c, containing by weight 70% or more of petroleum oils or oils from bituminous minerals; light oils and preparations","Export","616875822.21","","No Quantity",""
"Austria","2024","271012","Petroleum oils and oils from bituminous minerals, not containing biodiesel, not crude, not waste oils; preparations n.e.c, containing by weight 70% or more of petroleum oils or oils from bituminous minerals; light oils and preparations","Import","695389471.075","803012512","Weight in kilograms","803012512"
"Azerbaijan","2024","271012","Petroleum oils and oils from bituminous minerals, not containing biodiesel, not crude, not waste oils; preparations n.e.c, containing by weight 70% or more of petroleum oils or oils from bituminous minerals; light oils and preparations","Import","317954188.96","379874362.88","Weight in kilograms","379874362.88"
"Azerbaijan","2024","271012","Petroleum oils and oils from bituminous minerals, not containing biodiesel, not crude, not waste oils; preparations n.e.c, containing by weight 70% or more of petroleum oils or oils from bituminous minerals; light oils and preparations","Export","2609792.66","5670966.96","Weight in kilograms","5670966.96"
"Barbados","2024","271012","Petroleum oils and oils from bituminous minerals, not containing biodiesel, not crude, not waste oils; preparations n.e.c, containing by weight 70% or more of petroleum oils or oils from bituminous minerals; light oils and preparations","Export","308897","110411","Weight in kilograms","110411"
"Barbados","2024","271012","Petroleum oils and oils from bituminous minerals, not containing biodiesel, not crude, not waste oils; preparations n.e.c, containing by weight 70% or more of petroleum oils or oils from bituminous minerals; light oils and preparations","Import","82834246.5","95481236","Weight in kilograms","95481236"
"Barbados","2024","271012","Petroleum oils and oils from bituminous minerals, not containing biodiesel, not crude, not waste oils; preparations n.e.c, containing by weight 70% or more of petroleum oils or oils from bituminous minerals; light oils and preparations","Re-Export","308897","110411","Weight in kilograms","110411"
"Belgium","2024","271012","Petroleum oils and oils from bituminous minerals, not containing biodiesel, not crude, not waste oils; preparations n.e.c, containing by weight 70% or more of petroleum oils or oils from bituminous minerals; light oils and preparations","Import","6576191026.433","","No Quantity",""
"Belgium","2024","271012","Petroleum oils and oils from bituminous minerals, not containing biodiesel, not crude, not waste oils; preparations n.e.c, containing by weight 70% or more of petroleum oils or oils from bituminous minerals; light oils and preparations","Export","12558461599.41","16907192879.522","Weight in kilograms","16907192879.522"
"Belize","2024","271012","Petroleum oils and oils from bituminous minerals, not containing biodiesel, not crude, not waste oils; preparations n.e.c, containing by weight 70% or more of petroleum oils or oils from bituminous minerals; light oils and preparations","Re-Export","13457.295","12981.3","Weight in kilograms","12981.3"
"Belize","2024","271012","Petroleum oils and oils from bituminous minerals, not containing biodiesel, not crude, not waste oils; preparations n.e.c, containing by weight 70% or more of petroleum oils or oils from bituminous minerals; light oils and preparations","Export","13457.295","12981.3","Weight in kilograms","12981.3"
"Belize","2024","271012","Petroleum oils and oils from bituminous minerals, not containing biodiesel, not crude, not waste oils; preparations n.e.c, containing by weight 70% or more of petroleum oils or oils from bituminous minerals; light oils and preparations","Import","73309915.483","194779076.93","Weight in kilograms","194779076.93"
"Bolivia (Plurinational State of)","2024","271012","Petroleum oils and oils from bituminous minerals, not containing biodiesel, not crude, not waste oils; preparations n.e.c, containing by weight 70% or more of petroleum oils or oils from bituminous minerals; light oils and preparations","Import","951499590","","Weight in kilograms","1019579107.582"
"Bosnia Herzegovina","2024","271012","Petroleum oils and oils from bituminous minerals, not containing biodiesel, not crude, not waste oils; preparations n.e.c, containing by weight 70% or more of petroleum oils or oils from bituminous minerals; light oils and preparations","Import","146983423.324","","No Quantity",""
"Bosnia Herzegovina","2024","271012","Petroleum oils and oils from bituminous minerals, not containing biodiesel, not crude, not waste oils; preparations n.e.c, containing by weight 70% or more of petroleum oils or oils from bituminous minerals; light oils and preparations","Export","15636.389","5308.9","Weight in kilograms","5308.9"
"Brazil","2024","271012","Petroleum oils and oils from bituminous minerals, not containing biodiesel, not crude, not waste oils; preparations n.e.c, containing by weight 70% or more of petroleum oils or oils from bituminous minerals; light oils and preparations","Export","1222918739","1645387471.104","Weight in kilograms","1645387471.104"
"Brazil","2024","271012","Petroleum oils and oils from bituminous minerals, not containing biodiesel, not crude, not waste oils; preparations n.e.c, containing by weight 70% or more of petroleum oils or oils from bituminous minerals; light oils and preparations","Import","5211472596","6683718779.09","Weight in kilograms","6683718779.09"
"Bulgaria","2024","271012","Petroleum oils and oils from bituminous minerals, not containing biodiesel, not crude, not waste oils; preparations n.e.c, containing by weight 70% or more of petroleum oils or oils from bituminous minerals; light oils and preparations","Export","1408008090.248","1913455489","Weight in kilograms","1913455489"
"Bulgaria","2024","271012","Petroleum oils and oils from bituminous minerals, not containing biodiesel, not crude, not waste oils; preparations n.e.c, containing by weight 70% or more of petroleum oils or oils from bituminous minerals; light oils and preparations","Import","192493205.864","232321617.852","Weight in kilograms","232321617.852"
"Burkina Faso","2024","271012","Petroleum oils and oils from bituminous minerals, not containing biodiesel, not crude, not waste oils; preparations n.e.c, containing by weight 70% or more of petroleum oils or oils from bituminous minerals; light oils and preparations","Export","115098.686","80308","Weight in kilograms","80308"
"Burkina Faso","2024","271012","Petroleum oils and oils from bituminous minerals, not containing biodiesel, not crude, not waste oils; preparations n.e.c, containing by weight 70% or more of petroleum oils or oils from bituminous minerals; light oils and preparations","Re-Export","115098.686","80308","Weight in kilograms","80308"
"Burkina Faso","2024","271012","Petroleum oils and oils from bituminous minerals, not containing biodiesel, not crude, not waste oils; preparations n.e.c, containing by weight 70% or more of petroleum oils or oils from bituminous minerals; light oils and preparations","Import","748593800.658","754074723","Weight in kilograms","754074723"
"Canada","2024","271012","Petroleum oils and oils from bituminous minerals, not containing biodiesel, not crude, not waste oils; preparations n.e.c, containing by weight 70% or more of petroleum oils or oils from bituminous minerals; light oils and preparations","Re-Export","8640250.827","13186636","Weight in kilograms","13186636"
"Canada","2024","271012","Petroleum oils and oils from bituminous minerals, not containing biodiesel, not crude, not waste oils; preparations n.e.c, containing by weight 70% or more of petroleum oils or oils from bituminous minerals; light oils and preparations","Export","4545369231.408","7596392378","Weight in kilograms","7596392378"
"Canada","2024","271012","Petroleum oils and oils from bituminous minerals, not containing biodiesel, not crude, not waste oils; preparations n.e.c, containing by weight 70% or more of petroleum oils or oils from bituminous minerals; light oils and preparations","Import","9816716551.322","20579450085.8","Weight in kilograms","20579450085.8"
"Chile","2024","271012","Petroleum oils and oils from bituminous minerals, not containing biodiesel, not crude, not waste oils; preparations n.e.c, containing by weight 70% or more of petroleum oils or oils from bituminous minerals; light oils and preparations","Import","751393363.502","","No Quantity",""
"Chile","2024","271012","Petroleum oils and oils from bituminous minerals, not containing biodiesel, not crude, not waste oils; preparations n.e.c, containing by weight 70% or more of petroleum oils or oils from bituminous minerals; light oils and preparations","Export","86997667.284","147825784.579","Weight in kilograms","147825784.579"
"China","2024","271012","Petroleum oils and oils from bituminous minerals, not containing biodiesel, not crude, not waste oils; preparations n.e.c, containing by weight 70% or more of petroleum oils or oils from bituminous minerals; light oils and preparations","Export","7725461641","10029768181","Weight in kilograms","10029768181"
"China","2024","271012","Petroleum oils and oils from bituminous minerals, not containing biodiesel, not crude, not waste oils; preparations n.e.c, containing by weight 70% or more of petroleum oils or oils from bituminous minerals; light oils and preparations","Import","8665409813","12312517084.145","Weight in kilograms","12312517084.145"
"China, Hong Kong SAR","2024","271012","Petroleum oils and oils from bituminous minerals, not containing biodiesel, not crude, not waste oils; preparations n.e.c, containing by weight 70% or more of petroleum oils or oils from bituminous minerals; light oils and preparations","Export","4909666.526","3595000","Weight in kilograms","3595000"
"China, Hong Kong SAR","2024","271012","Petroleum oils and oils from bituminous minerals, not containing biodiesel, not crude, not waste oils; preparations n.e.c, containing by weight 70% or more of petroleum oils or oils from bituminous minerals; light oils and preparations","Import","450514274.338","791259000","Weight in kilograms","791259000"
"Croatia","2024","271012","Petroleum oils and oils from bituminous minerals, not containing biodiesel, not crude, not waste oils; preparations n.e.c, containing by weight 70% or more of petroleum oils or oils from bituminous minerals; light oils and preparations","Import","242351257","278253171.678","Weight in kilograms","278253171.678"
"Croatia","2024","271012","Petroleum oils and oils from bituminous minerals, not containing biodiesel, not crude, not waste oils; preparations n.e.c, containing by weight 70% or more of petroleum oils or oils from bituminous minerals; light oils and preparations","Export","295392759","380187415.591","Weight in kilograms","380187415.591"
"Cyprus","2024","271012","Petroleum oils and oils from bituminous minerals, not containing biodiesel, not crude, not waste oils; preparations n.e.c, containing by weight 70% or more of petroleum oils or oils from bituminous minerals; light oils and preparations","Import","1339975338.172","1749939310","Weight in kilograms","1749939310"
"Cyprus","2024","271012","Petroleum oils and oils from bituminous minerals, not containing biodiesel, not crude, not waste oils; preparations n.e.c, containing by weight 70% or more of petroleum oils or oils from bituminous minerals; light oils and preparations","Export","1288045341.979","1652755370","Weight in kilograms","1652755370"
"Cyprus","2024","271012","Petroleum oils and oils from bituminous minerals, not containing biodiesel, not crude, not waste oils; preparations n.e.c, containing by weight 70% or more of petroleum oils or oils from bituminous minerals; light oils and preparations","Re-Export","2926.757","140","Weight in kilograms","140"
"Czech Rep.","2024","271012","Petroleum oils and oils from bituminous minerals, not containing biodiesel, not crude, not waste oils; preparations n.e.c, containing by weight 70% or more of petroleum oils or oils from bituminous minerals; light oils and preparations","Export","469664484","521066310.019","Weight in kilograms","521066310.019"
"Czech Rep.","2024","271012","Petroleum oils and oils from bituminous minerals, not containing biodiesel, not crude, not waste oils; preparations n.e.c, containing by weight 70% or more of petroleum oils or oils from bituminous minerals; light oils and preparations","Import","766560292","916397528.632","Weight in kilograms","916397528.632"
"Denmark","2024","271012","Petroleum oils and oils from bituminous minerals, not containing biodiesel, not crude, not waste oils; preparations n.e.c, containing by weight 70% or more of petroleum oils or oils from bituminous minerals; light oils and preparations","Export","652185324.524","","No Quantity",""
"Denmark","2024","271012","Petroleum oils and oils from bituminous minerals, not containing biodiesel, not crude, not waste oils; preparations n.e.c, containing by weight 70% or more of petroleum oils or oils from bituminous minerals; light oils and preparations","Import","401939234.87","582152038.811","Weight in kilograms","582152038.811"
"Dominican Rep.","2024","271012","Petroleum oils and oils from bituminous minerals, not containing biodiesel, not crude, not waste oils; preparations n.e.c, containing by weight 70% or more of petroleum oils or oils from bituminous minerals; light oils and preparations","Import","2848182601.837","","No Quantity",""
"Dominican Rep.","2024","271012","Petroleum oils and oils from bituminous minerals, not containing biodiesel, not crude, not waste oils; preparations n.e.c, containing by weight 70% or more of petroleum oils or oils from bituminous minerals; light oils and preparations","Export","54688575.721","82271445.817","Weight in kilograms","82211635.817"
"Ecuador","2024","271012","Petroleum oils and oils from bituminous minerals, not containing biodiesel, not crude, not waste oils; preparations n.e.c, containing by weight 70% or more of petroleum oils or oils from bituminous minerals; light oils and preparations","Import","120251242.472","105735721.144","Weight in kilograms","105735721.144"
"Ecuador","2024","271012","Petroleum oils and oils from bituminous minerals, not containing biodiesel, not crude, not waste oils; preparations n.e.c, containing by weight 70% or more of petroleum oils or oils from bituminous minerals; light oils and preparations","Export","2755.47","267.411","Weight in kilograms","267.411"
"Egypt","2024","271012","Petroleum oils and oils from bituminous minerals, not containing biodiesel, not crude, not waste oils; preparations n.e.c, containing by weight 70% or more of petroleum oils or oils from bituminous minerals; light oils and preparations","Import","7106216638.188","7614664361.807","Weight in kilograms","7614664361.807"
"Egypt","2024","271012","Petroleum oils and oils from bituminous minerals, not containing biodiesel, not crude, not waste oils; preparations n.e.c, containing by weight 70% or more of petroleum oils or oils from bituminous minerals; light oils and preparations","Export","3011933604.39","3225601175.19","Weight in kilograms","3225601175.19"
"El Salvador","2024","271012","Petroleum oils and oils from bituminous minerals, not containing biodiesel, not crude, not waste oils; preparations n.e.c, containing by weight 70% or more of petroleum oils or oils from bituminous minerals; light oils and preparations","Import","775742326.7","874978101.42","Weight in kilograms","874978101.42"
"El Salvador","2024","271012","Petroleum oils and oils from bituminous minerals, not containing biodiesel, not crude, not waste oils; preparations n.e.c, containing by weight 70% or more of petroleum oils or oils from bituminous minerals; light oils and preparations","Export","52410207.61","60226670.92","Weight in kilograms","60226670.92"
"Estonia","2024","271012","Petroleum oils and oils from bituminous minerals, not containing biodiesel, not crude, not waste oils; preparations n.e.c, containing by weight 70% or more of petroleum oils or oils from bituminous minerals; light oils and preparations","Import","212398811.14","","No Quantity",""
"Estonia","2024","271012","Petroleum oils and oils from bituminous minerals, not containing biodiesel, not crude, not waste oils; preparations n.e.c, containing by weight 70% or more of petroleum oils or oils from bituminous minerals; light oils and preparations","Re-Export","1445844.83","1789360","Weight in kilograms","1789360"
"Estonia","2024","271012","Petroleum oils and oils from bituminous minerals, not containing biodiesel, not crude, not waste oils; preparations n.e.c, containing by weight 70% or more of petroleum oils or oils from bituminous minerals; light oils and preparations","Export","162407300.64","224410612.314","Weight in kilograms","224410612.314"
"EU-28","2024","271012","Petroleum oils and oils from bituminous minerals, not containing biodiesel, not crude, not waste oils; preparations n.e.c, containing by weight 70% or more of petroleum oils or oils from bituminous minerals; light oils and preparations","Export","45940577031.506","58347481822.012","Weight in kilograms","58347481822.012"
"EU-28","2024","271012","Petroleum oils and oils from bituminous minerals, not containing biodiesel, not crude, not waste oils; preparations n.e.c, containing by weight 70% or more of petroleum oils or oils from bituminous minerals; light oils and preparations","Import","12896964122.262","17173877595.921","Weight in kilograms","17173877595.921"
"Fiji","2024","271012","Petroleum oils and oils from bituminous minerals, not containing biodiesel, not crude, not waste oils; preparations n.e.c, containing by weight 70% or more of petroleum oils or oils from bituminous minerals; light oils and preparations","Re-Export","293698479.731","396198727","Weight in kilograms","396198727"
"Fiji","2024","271012","Petroleum oils and oils from bituminous minerals, not containing biodiesel, not crude, not waste oils; preparations n.e.c, containing by weight 70% or more of petroleum oils or oils from bituminous minerals; light oils and preparations","Export","293702151.644","396199897","Weight in kilograms","396199897"
"Fiji","2024","271012","Petroleum oils and oils from bituminous minerals, not containing biodiesel, not crude, not waste oils; preparations n.e.c, containing by weight 70% or more of petroleum oils or oils from bituminous minerals; light oils and preparations","Import","659715395.256","","Weight in kilograms","942635520.6"
"Finland","2024","271012","Petroleum oils and oils from bituminous minerals, not containing biodiesel, not crude, not waste oils; preparations n.e.c, containing by weight 70% or more of petroleum oils or oils from bituminous minerals; light oils and preparations","Import","811915137.57","","No Quantity",""
"Finland","2024","271012","Petroleum oils and oils from bituminous minerals, not containing biodiesel, not crude, not waste oils; preparations n.e.c, containing by weight 70% or more of petroleum oils or oils from bituminous minerals; light oils and preparations","Export","2106720883.946","2283282057.791","Weight in kilograms","2283282057.791"
"France","2024","271012","Petroleum oils and oils from bituminous minerals, not containing biodiesel, not crude, not waste oils; preparations n.e.c, containing by weight 70% or more of petroleum oils or oils from bituminous minerals; light oils and preparations","Export","4451681721.083","","No Quantity",""
"France","2024","271012","Petroleum oils and oils from bituminous minerals, not containing biodiesel, not crude, not waste oils; preparations n.e.c, containing by weight 70% or more of petroleum oils or oils from bituminous minerals; light oils and preparations","Import","7043791257.016","","No Quantity",""
"French Polynesia","2024","271012","Petroleum oils and oils from bituminous minerals, not containing biodiesel, not crude, not waste oils; preparations n.e.c, containing by weight 70% or more of petroleum oils or oils from bituminous minerals; light oils and preparations","Import","118894.327","32592.542","Weight in kilograms","32592.542"
"Georgia","2024","271012","Petroleum oils and oils from bituminous minerals, not containing biodiesel, not crude, not waste oils; preparations n.e.c, containing by weight 70% or more of petroleum oils or oils from bituminous minerals; light oils and preparations","Export","60379583.871","","No Quantity",""
"Georgia","2024","271012","Petroleum oils and oils from bituminous minerals, not containing biodiesel, not crude, not waste oils; preparations n.e.c, containing by weight 70% or more of petroleum oils or oils from bituminous minerals; light oils and preparations","Re-Export","59583941.281","","No Quantity",""
"Georgia","2024","271012","Petroleum oils and oils from bituminous minerals, not containing biodiesel, not crude, not waste oils; preparations n.e.c, containing by weight 70% or more of petroleum oils or oils from bituminous minerals; light oils and preparations","Import","583488858.498","726956837.14","No Quantity",""
"Germany","2024","271012","Petroleum oils and oils from bituminous minerals, not containing biodiesel, not crude, not waste oils; preparations n.e.c, containing by weight 70% or more of petroleum oils or oils from bituminous minerals; light oils and preparations","Export","5263538517.264","6265194179.719","Weight in kilograms","6265194179.719"
"Germany","2024","271012","Petroleum oils and oils from bituminous minerals, not containing biodiesel, not crude, not waste oils; preparations n.e.c, containing by weight 70% or more of petroleum oils or oils from bituminous minerals; light oils and preparations","Import","6494202532.878","8669134535.439","Weight in kilograms","8669134535.439"
"Greece","2024","271012","Petroleum oils and oils from bituminous minerals, not containing biodiesel, not crude, not waste oils; preparations n.e.c, containing by weight 70% or more of petroleum oils or oils from bituminous minerals; light oils and preparations","Export","3999866542.115","5110455358","Weight in kilograms","5110455358"
"Greece","2024","271012","Petroleum oils and oils from bituminous minerals, not containing biodiesel, not crude, not waste oils; preparations n.e.c, containing by weight 70% or more of petroleum oils or oils from bituminous minerals; light oils and preparations","Import","373750852.209","540707028.112","Weight in kilograms","540707028.112"
"Grenada","2024","271012","Petroleum oils and oils from bituminous minerals, not containing biodiesel, not crude, not waste oils; preparations n.e.c, containing by weight 70% or more of petroleum oils or oils from bituminous minerals; light oils and preparations","Import","35067206.017","35924430.601","Weight in kilograms","35924430.601"
"Guatemala","2024","271012","Petroleum oils and oils from bituminous minerals, not containing biodiesel, not crude, not waste oils; preparations n.e.c, containing by weight 70% or more of petroleum oils or oils from bituminous minerals; light oils and preparations","Export","19787148","20854474","Weight in kilograms","20854474"
"Guatemala","2024","271012","Petroleum oils and oils from bituminous minerals, not containing biodiesel, not crude, not waste oils; preparations n.e.c, containing by weight 70% or more of petroleum oils or oils from bituminous minerals; light oils and preparations","Import","1840876198","2259235640","Weight in kilograms","2259235640"
"Guyana","2024","271012","Petroleum oils and oils from bituminous minerals, not containing biodiesel, not crude, not waste oils; preparations n.e.c, containing by weight 70% or more of petroleum oils or oils from bituminous minerals; light oils and preparations","Import","234694053.887","320097444.48","Weight in kilograms","320097444.48"
"Guyana","2024","271012","Petroleum oils and oils from bituminous minerals, not containing biodiesel, not crude, not waste oils; preparations n.e.c, containing by weight 70% or more of petroleum oils or oils from bituminous minerals; light oils and preparations","Re-Export","26418.333","19057.5","Weight in kilograms","19057.5"
"Guyana","2024","271012","Petroleum oils and oils from bituminous minerals, not containing biodiesel, not crude, not waste oils; preparations n.e.c, containing by weight 70% or more of petroleum oils or oils from bituminous minerals; light oils and preparations","Export","26544.583","19058.5","Weight in kilograms","19058.5"
"Hungary","2024","271012","Petroleum oils and oils from bituminous minerals, not containing biodiesel, not crude, not waste oils; preparations n.e.c, containing by weight 70% or more of petroleum oils or oils from bituminous minerals; light oils and preparations","Import","822883518","949536680.74","Weight in kilograms","949536680.74"
"Hungary","2024","271012","Petroleum oils and oils from bituminous minerals, not containing biodiesel, not crude, not waste oils; preparations n.e.c, containing by weight 70% or more of petroleum oils or oils from bituminous minerals; light oils and preparations","Export","331832099","348849698.458","Weight in kilograms","348849698.458"
"Iceland","2024","271012","Petroleum oils and oils from bituminous minerals, not containing biodiesel, not crude, not waste oils; preparations n.e.c, containing by weight 70% or more of petroleum oils or oils from bituminous minerals; light oils and preparations","Export","185233.519","45957","Weight in kilograms","45957"
"Iceland","2024","271012","Petroleum oils and oils from bituminous minerals, not containing biodiesel, not crude, not waste oils; preparations n.e.c, containing by weight 70% or more of petroleum oils or oils from bituminous minerals; light oils and preparations","Import","106846492.451","115748288.692","Weight in kilograms","115748288.692"
"India","2024","271012","Petroleum oils and oils from bituminous minerals, not containing biodiesel, not crude, not waste oils; preparations n.e.c, containing by weight 70% or more of petroleum oils or oils from bituminous minerals; light oils and preparations","Import","2145798786.956","3182199292.433","Weight in kilograms","3182199292.433"
"India","2024","271012","Petroleum oils and oils from bituminous minerals, not containing biodiesel, not crude, not waste oils; preparations n.e.c, containing by weight 70% or more of petroleum oils or oils from bituminous minerals; light oils and preparations","Export","19752770214.84","26625761682.563","Weight in kilograms","26625761682.563"
"Ireland","2024","271012","Petroleum oils and oils from bituminous minerals, not containing biodiesel, not crude, not waste oils; preparations n.e.c, containing by weight 70% or more of petroleum oils or oils from bituminous minerals; light oils and preparations","Import","523273820.04","558869874.329","Weight in kilograms","558869874.329"
"Ireland","2024","271012","Petroleum oils and oils from bituminous minerals, not containing biodiesel, not crude, not waste oils; preparations n.e.c, containing by weight 70% or more of petroleum oils or oils from bituminous minerals; light oils and preparations","Export","187836143.754","227427488","Weight in kilograms","227427488"
"Israel","2024","271012","Petroleum oils and oils from bituminous minerals, not containing biodiesel, not crude, not waste oils; preparations n.e.c, containing by weight 70% or more of petroleum oils or oils from bituminous minerals; light oils and preparations","Import","524016000","561509191.653","Weight in kilograms","561509191.653"
"Italy","2024","271012","Petroleum oils and oils from bituminous minerals, not containing biodiesel, not crude, not waste oils; preparations n.e.c, containing by weight 70% or more of petroleum oils or oils from bituminous minerals; light oils and preparations","Re-Export","252.195","1620","Weight in kilograms","1620"
"Italy","2024","271012","Petroleum oils and oils from bituminous minerals, not containing biodiesel, not crude, not waste oils; preparations n.e.c, containing by weight 70% or more of petroleum oils or oils from bituminous minerals; light oils and preparations","Export","6557022192.906","8653078250.003","Weight in kilograms","8653078250.003"
"Italy","2024","271012","Petroleum oils and oils from bituminous minerals, not containing biodiesel, not crude, not waste oils; preparations n.e.c, containing by weight 70% or more of petroleum oils or oils from bituminous minerals; light oils and preparations","Import","1203081549.83","1769069192","Weight in kilograms","1769069192"
"Japan","2024","271012","Petroleum oils and oils from bituminous minerals, not containing biodiesel, not crude, not waste oils; preparations n.e.c, containing by weight 70% or more of petroleum oils or oils from bituminous minerals; light oils and preparations","Export","1904974586.815","2436570532","Weight in kilograms","2436570532"
"Japan","2024","271012","Petroleum oils and oils from bituminous minerals, not containing biodiesel, not crude, not waste oils; preparations n.e.c, containing by weight 70% or more of petroleum oils or oils from bituminous minerals; light oils and preparations","Import","14173850420.518","19631944441.568","Weight in kilograms","19631944441.568"
"Kyrgyzstan","2024","271012","Petroleum oils and oils from bituminous minerals, not containing biodiesel, not crude, not waste oils; preparations n.e.c, containing by weight 70% or more of petroleum oils or oils from bituminous minerals; light oils and preparations","Export","48327427","77587930","Weight in kilograms","77587930"
"Kyrgyzstan","2024","271012","Petroleum oils and oils from bituminous minerals, not containing biodiesel, not crude, not waste oils; preparations n.e.c, containing by weight 70% or more of petroleum oils or oils from bituminous minerals; light oils and preparations","Import","322889916","529595570","Weight in kilograms","529595570"
"Latvia","2024","271012","Petroleum oils and oils from bituminous minerals, not containing biodiesel, not crude, not waste oils; preparations n.e.c, containing by weight 70% or more of petroleum oils or oils from bituminous minerals; light oils and preparations","Import","284418958.933","","No Quantity",""
"Latvia","2024","271012","Petroleum oils and oils from bituminous minerals, not containing biodiesel, not crude, not waste oils; preparations n.e.c, containing by weight 70% or more of petroleum oils or oils from bituminous minerals; light oils and preparations","Export","120221304.125","165408557.163","Weight in kilograms","165408557.163"
"Lithuania","2024","271012","Petroleum oils and oils from bituminous minerals, not containing biodiesel, not crude, not waste oils; preparations n.e.c, containing by weight 70% or more of petroleum oils or oils from bituminous minerals; light oils and preparations","Export","2070533712","2676994556.55","Weight in kilograms","2676994556.55"
"Lithuania","2024","271012","Petroleum oils and oils from bituminous minerals, not containing biodiesel, not crude, not waste oils; preparations n.e.c, containing by weight 70% or more of petroleum oils or oils from bituminous minerals; light oils and preparations","Import","60451121","80342584.631","Weight in kilograms","80342584.631"
"Luxembourg","2024","271012","Petroleum oils and oils from bituminous minerals, not containing biodiesel, not crude, not waste oils; preparations n.e.c, containing by weight 70% or more of petroleum oils or oils from bituminous minerals; light oils and preparations","Re-Export","4291.649","","No Quantity",""
"Luxembourg","2024","271012","Petroleum oils and oils from bituminous minerals, not containing biodiesel, not crude, not waste oils; preparations n.e.c, containing by weight 70% or more of petroleum oils or oils from bituminous minerals; light oils and preparations","Import","348381343.063","","No Quantity",""
"Luxembourg","2024","271012","Petroleum oils and oils from bituminous minerals, not containing biodiesel, not crude, not waste oils; preparations n.e.c, containing by weight 70% or more of petroleum oils or oils from bituminous minerals; light oils and preparations","Export","236838.948","38631.05","Weight in kilograms","38631.05"
"Malaysia","2024","271012","Petroleum oils and oils from bituminous minerals, not containing biodiesel, not crude, not waste oils; preparations n.e.c, containing by weight 70% or more of petroleum oils or oils from bituminous minerals; light oils and preparations","Import","13476841405.863","","No Quantity",""
"Malaysia","2024","271012","Petroleum oils and oils from bituminous minerals, not containing biodiesel, not crude, not waste oils; preparations n.e.c, containing by weight 70% or more of petroleum oils or oils from bituminous minerals; light oils and preparations","Export","8912667299.449","11869853409.932","Weight in kilograms","11869853409.932"
"Maldives","2024","271012","Petroleum oils and oils from bituminous minerals, not containing biodiesel, not crude, not waste oils; preparations n.e.c, containing by weight 70% or more of petroleum oils or oils from bituminous minerals; light oils and preparations","Import","23.535","1","Weight in kilograms","1"
"Malta","2024","271012","Petroleum oils and oils from bituminous minerals, not containing biodiesel, not crude, not waste oils; preparations n.e.c, containing by weight 70% or more of petroleum oils or oils from bituminous minerals; light oils and preparations","Import","102326594.811","","No Quantity",""
"Malta","2024","271012","Petroleum oils and oils from bituminous minerals, not containing biodiesel, not crude, not waste oils; preparations n.e.c, containing by weight 70% or more of petroleum oils or oils from bituminous minerals; light oils and preparations","Export","1473.12","305","Weight in kilograms","305"
"Mauritius","2024","271012","Petroleum oils and oils from bituminous minerals, not containing biodiesel, not crude, not waste oils; preparations n.e.c, containing by weight 70% or more of petroleum oils or oils from bituminous minerals; light oils and preparations","Re-Export","238.486","3","Weight in kilograms","3"
"Mauritius","2024","271012","Petroleum oils and oils from bituminous minerals, not containing biodiesel, not crude, not waste oils; preparations n.e.c, containing by weight 70% or more of petroleum oils or oils from bituminous minerals; light oils and preparations","Export","238.486","3","Weight in kilograms","3"
"Mauritius","2024","271012","Petroleum oils and oils from bituminous minerals, not containing biodiesel, not crude, not waste oils; preparations n.e.c, containing by weight 70% or more of petroleum oils or oils from bituminous minerals; light oils and preparations","Import","655365.174","515915","Weight in kilograms","516306"
"Mexico","2024","271012","Petroleum oils and oils from bituminous minerals, not containing biodiesel, not crude, not waste oils; preparations n.e.c, containing by weight 70% or more of petroleum oils or oils from bituminous minerals; light oils and preparations","Export","54094778","57932279.528","Weight in kilograms","57932279.528"
"Mexico","2024","271012","Petroleum oils and oils from bituminous minerals, not containing biodiesel, not crude, not waste oils; preparations n.e.c, containing by weight 70% or more of petroleum oils or oils from bituminous minerals; light oils and preparations","Import","9964798002","10677776386.758","Weight in kilograms","10677776386.758"
"Montenegro","2024","271012","Petroleum oils and oils from bituminous minerals, not containing biodiesel, not crude, not waste oils; preparations n.e.c, containing by weight 70% or more of petroleum oils or oils from bituminous minerals; light oils and preparations","Import","40156843.852","46626807.058","Weight in kilograms","46626807.058"
"Montenegro","2024","271012","Petroleum oils and oils from bituminous minerals, not containing biodiesel, not crude, not waste oils; preparations n.e.c, containing by weight 70% or more of petroleum oils or oils from bituminous minerals; light oils and preparations","Export","6936.105","2487.8","Weight in kilograms","2487.8"
"Myanmar","2024","271012","Petroleum oils and oils from bituminous minerals, not containing biodiesel, not crude, not waste oils; preparations n.e.c, containing by weight 70% or more of petroleum oils or oils from bituminous minerals; light oils and preparations","Import","1640714923.56","2578439775.356","Weight in kilograms","2578439775.356"
"Namibia","2024","271012","Petroleum oils and oils from bituminous minerals, not containing biodiesel, not crude, not waste oils; preparations n.e.c, containing by weight 70% or more of petroleum oils or oils from bituminous minerals; light oils and preparations","Export","311370128.88","","Weight in kilograms","344556362.51"
"Namibia","2024","271012","Petroleum oils and oils from bituminous minerals, not containing biodiesel, not crude, not waste oils; preparations n.e.c, containing by weight 70% or more of petroleum oils or oils from bituminous minerals; light oils and preparations","Import","1350590805.248","","Weight in kilograms","1479795983.942"
"Namibia","2024","271012","Petroleum oils and oils from bituminous minerals, not containing biodiesel, not crude, not waste oils; preparations n.e.c, containing by weight 70% or more of petroleum oils or oils from bituminous minerals; light oils and preparations","Re-Export","273201814.845","303457224.47","Weight in kilograms","303457224.47"
"Netherlands","2024","271012","Petroleum oils and oils from bituminous minerals, not containing biodiesel, not crude, not waste oils; preparations n.e.c, containing by weight 70% or more of petroleum oils or oils from bituminous minerals; light oils and preparations","Export","20317321378.01","26041899055.833","Weight in kilograms","26041899055.833"
"Netherlands","2024","271012","Petroleum oils and oils from bituminous minerals, not containing biodiesel, not crude, not waste oils; preparations n.e.c, containing by weight 70% or more of petroleum oils or oils from bituminous minerals; light oils and preparations","Import","13607891600.459","18049661103","Weight in kilograms","18049661103"
"New Zealand","2024","271012","Petroleum oils and oils from bituminous minerals, not containing biodiesel, not crude, not waste oils; preparations n.e.c, containing by weight 70% or more of petroleum oils or oils from bituminous minerals; light oils and preparations","Re-Export","139677.924","25642.724","Weight in kilograms","25642.724"
"New Zealand","2024","271012","Petroleum oils and oils from bituminous minerals, not containing biodiesel, not crude, not waste oils; preparations n.e.c, containing by weight 70% or more of petroleum oils or oils from bituminous minerals; light oils and preparations","Export","7009056.733","6719759.724","Weight in kilograms","6719759.724"
"New Zealand","2024","271012","Petroleum oils and oils from bituminous minerals, not containing biodiesel, not crude, not waste oils; preparations n.e.c, containing by weight 70% or more of petroleum oils or oils from bituminous minerals; light oils and preparations","Import","1989132659.915","2931658447","Weight in kilograms","2931658447"
"Nigeria","2024","271012","Petroleum oils and oils from bituminous minerals, not containing biodiesel, not crude, not waste oils; preparations n.e.c, containing by weight 70% or more of petroleum oils or oils from bituminous minerals; light oils and preparations","Import","10467890982.656","","No Quantity",""
"Nigeria","2024","271012","Petroleum oils and oils from bituminous minerals, not containing biodiesel, not crude, not waste oils; preparations n.e.c, containing by weight 70% or more of petroleum oils or oils from bituminous minerals; light oils and preparations","Export","42017863.924","","No Quantity",""
"Norway","2024","271012","Petroleum oils and oils from bituminous minerals, not containing biodiesel, not crude, not waste oils; preparations n.e.c, containing by weight 70% or more of petroleum oils or oils from bituminous minerals; light oils and preparations","Export","3730182435.288","5096341968","Weight in kilograms","5096341968"
"Norway","2024","271012","Petroleum oils and oils from bituminous minerals, not containing biodiesel, not crude, not waste oils; preparations n.e.c, containing by weight 70% or more of petroleum oils or oils from bituminous minerals; light oils and preparations","Import","608905571.86","630284448.912","Weight in kilograms","630284448.912"
"Pakistan","2024","271012","Petroleum oils and oils from bituminous minerals, not containing biodiesel, not crude, not waste oils; preparations n.e.c, containing by weight 70% or more of petroleum oils or oils from bituminous minerals; light oils and preparations","Import","4378742376.113","7471303000","Weight in kilograms","7471303000"
"Panama","2024","271012","Petroleum oils and oils from bituminous minerals, not containing biodiesel, not crude, not waste oils; preparations n.e.c, containing by weight 70% or more of petroleum oils or oils from bituminous minerals; light oils and preparations","Import","1501233633","1558384436","Weight in kilograms","1558384436"
"Paraguay","2024","271012","Petroleum oils and oils from bituminous minerals, not containing biodiesel, not crude, not waste oils; preparations n.e.c, containing by weight 70% or more of petroleum oils or oils from bituminous minerals; light oils and preparations","Import","663425029.79","762482166.72","Weight in kilograms","762482166.72"
"Philippines","2024","271012","Petroleum oils and oils from bituminous minerals, not containing biodiesel, not crude, not waste oils; preparations n.e.c, containing by weight 70% or more of petroleum oils or oils from bituminous minerals; light oils and preparations","Export","3410","840","Weight in kilograms","840"
"Philippines","2024","271012","Petroleum oils and oils from bituminous minerals, not containing biodiesel, not crude, not waste oils; preparations n.e.c, containing by weight 70% or more of petroleum oils or oils from bituminous minerals; light oils and preparations","Import","3925936613","5021944716.48","Weight in kilograms","5021944716.48"
"Poland","2024","271012","Petroleum oils and oils from bituminous minerals, not containing biodiesel, not crude, not waste oils; preparations n.e.c, containing by weight 70% or more of petroleum oils or oils from bituminous minerals; light oils and preparations","Export","708409828","900469765.351","Weight in kilograms","900469765.351"
"Poland","2024","271012","Petroleum oils and oils from bituminous minerals, not containing biodiesel, not crude, not waste oils; preparations n.e.c, containing by weight 70% or more of petroleum oils or oils from bituminous minerals; light oils and preparations","Import","1437051787","1690058642.697","Weight in kilograms","1690058642.697"
"Portugal","2024","271012","Petroleum oils and oils from bituminous minerals, not containing biodiesel, not crude, not waste oils; preparations n.e.c, containing by weight 70% or more of petroleum oils or oils from bituminous minerals; light oils and preparations","Import","321837861.063","420832159.485","Weight in kilograms","420832159.485"
"Portugal","2024","271012","Petroleum oils and oils from bituminous minerals, not containing biodiesel, not crude, not waste oils; preparations n.e.c, containing by weight 70% or more of petroleum oils or oils from bituminous minerals; light oils and preparations","Export","1813177110.216","2515919711","Weight in kilograms","2515919711"
"Rep. of Korea","2024","271012","Petroleum oils and oils from bituminous minerals, not containing biodiesel, not crude, not waste oils; preparations n.e.c, containing by weight 70% or more of petroleum oils or oils from bituminous minerals; light oils and preparations","Export","14772103471","19394217805.67","Weight in kilograms","19394217805.67"
"Rep. of Korea","2024","271012","Petroleum oils and oils from bituminous minerals, not containing biodiesel, not crude, not waste oils; preparations n.e.c, containing by weight 70% or more of petroleum oils or oils from bituminous minerals; light oils and preparations","Import","19845501054","28513800779.899","Weight in kilograms","28513800779.899"
"Rep. of Moldova","2024","271012","Petroleum oils and oils from bituminous minerals, not containing biodiesel, not crude, not waste oils; preparations n.e.c, containing by weight 70% or more of petroleum oils or oils from bituminous minerals; light oils and preparations","Import","281455342","","No Quantity",""
"Rep. of Moldova","2024","271012","Petroleum oils and oils from bituminous minerals, not containing biodiesel, not crude, not waste oils; preparations n.e.c, containing by weight 70% or more of petroleum oils or oils from bituminous minerals; light oils and preparations","Re-Export","121640964","137124150","Weight in kilograms","137124150"
"Rep. of Moldova","2024","271012","Petroleum oils and oils from bituminous minerals, not containing biodiesel, not crude, not waste oils; preparations n.e.c, containing by weight 70% or more of petroleum oils or oils from bituminous minerals; light oils and preparations","Export","121647349","137126476","Weight in kilograms","137126476"
"Romania","2024","271012","Petroleum oils and oils from bituminous minerals, not containing biodiesel, not crude, not waste oils; preparations n.e.c, containing by weight 70% or more of petroleum oils or oils from bituminous minerals; light oils and preparations","Export","1717604111.49","","No Quantity",""
"Romania","2024","271012","Petroleum oils and oils from bituminous minerals, not containing biodiesel, not crude, not waste oils; preparations n.e.c, containing by weight 70% or more of petroleum oils or oils from bituminous minerals; light oils and preparations","Import","130541083.5","","No Quantity",""
"Slovakia","2024","271012","Petroleum oils and oils from bituminous minerals, not containing biodiesel, not crude, not waste oils; preparations n.e.c, containing by weight 70% or more of petroleum oils or oils from bituminous minerals; light oils and preparations","Import","257709905.169","","No Quantity",""
"Slovakia","2024","271012","Petroleum oils and oils from bituminous minerals, not containing biodiesel, not crude, not waste oils; preparations n.e.c, containing by weight 70% or more of petroleum oils or oils from bituminous minerals; light oils and preparations","Export","606079916.174","804647541","Weight in kilograms","804647541"
"Slovenia","2024","271012","Petroleum oils and oils from bituminous minerals, not containing biodiesel, not crude, not waste oils; preparations n.e.c, containing by weight 70% or more of petroleum oils or oils from bituminous minerals; light oils and preparations","Export","148747959.003","169764326.745","Weight in kilograms","169764326.745"
"Slovenia","2024","271012","Petroleum oils and oils from bituminous minerals, not containing biodiesel, not crude, not waste oils; preparations n.e.c, containing by weight 70% or more of petroleum oils or oils from bituminous minerals; light oils and preparations","Import","476254319.33","577858312.289","Weight in kilograms","577858312.289"
"South Africa","2024","271012","Petroleum oils and oils from bituminous minerals, not containing biodiesel, not crude, not waste oils; preparations n.e.c, containing by weight 70% or more of petroleum oils or oils from bituminous minerals; light oils and preparations","Export","2731103287.93","2924848662.757","Weight in kilograms","2924848662.757"
"South Africa","2024","271012","Petroleum oils and oils from bituminous minerals, not containing biodiesel, not crude, not waste oils; preparations n.e.c, containing by weight 70% or more of petroleum oils or oils from bituminous minerals; light oils and preparations","Import","12060402813.847","","Weight in kilograms","12923321110.437"
"Spain","2024","271012","Petroleum oils and oils from bituminous minerals, not containing biodiesel, not crude, not waste oils; preparations n.e.c, containing by weight 70% or more of petroleum oils or oils from bituminous minerals; light oils and preparations","Import","862860957.615","","No Quantity",""
"Spain","2024","271012","Petroleum oils and oils from bituminous minerals, not containing biodiesel, not crude, not waste oils; preparations n.e.c, containing by weight 70% or more of petroleum oils or oils from bituminous minerals; light oils and preparations","Export","3026520429.135","4133307350.65","Weight in kilograms","4133307350.65"
"Sri Lanka","2024","271012","Petroleum oils and oils from bituminous minerals, not containing biodiesel, not crude, not waste oils; preparations n.e.c, containing by weight 70% or more of petroleum oils or oils from bituminous minerals; light oils and preparations","Import","822875659.326","1209286810.969","Weight in kilograms","1209286810.969"
"Sri Lanka","2024","271012","Petroleum oils and oils from bituminous minerals, not containing biodiesel, not crude, not waste oils; preparations n.e.c, containing by weight 70% or more of petroleum oils or oils from bituminous minerals; light oils and preparations","Export","180.817","11","Weight in kilograms","11"
"Sweden","2024","271012","Petroleum oils and oils from bituminous minerals, not containing biodiesel, not crude, not waste oils; preparations n.e.c, containing by weight 70% or more of petroleum oils or oils from bituminous minerals; light oils and preparations","Export","3057850827.209","3723170524.475","Weight in kilograms","3723170524.475"
"Sweden","2024","271012","Petroleum oils and oils from bituminous minerals, not containing biodiesel, not crude, not waste oils; preparations n.e.c, containing by weight 70% or more of petroleum oils or oils from bituminous minerals; light oils and preparations","Import","1128974950.761","1391378754.712","Weight in kilograms","1391378754.712"
"Switzerland","2024","271012","Petroleum oils and oils from bituminous minerals, not containing biodiesel, not crude, not waste oils; preparations n.e.c, containing by weight 70% or more of petroleum oils or oils from bituminous minerals; light oils and preparations","Export","15173127.431","","No Quantity",""
"Switzerland","2024","271012","Petroleum oils and oils from bituminous minerals, not containing biodiesel, not crude, not waste oils; preparations n.e.c, containing by weight 70% or more of petroleum oils or oils from bituminous minerals; light oils and preparations","Import","1276007118.293","1496921349.324","Weight in kilograms","1496921349.324"
"TFYR of Macedonia","2024","271012","Petroleum oils and oils from bituminous minerals, not containing biodiesel, not crude, not waste oils; preparations n.e.c, containing by weight 70% or more of petroleum oils or oils from bituminous minerals; light oils and preparations","Import","99367991.8","","No Quantity",""
"TFYR of Macedonia","2024","271012","Petroleum oils and oils from bituminous minerals, not containing biodiesel, not crude, not waste oils; preparations n.e.c, containing by weight 70% or more of petroleum oils or oils from bituminous minerals; light oils and preparations","Export","3613327.22","3969904","Weight in kilograms","3969904"
"Thailand","2024","271012","Petroleum oils and oils from bituminous minerals, not containing biodiesel, not crude, not waste oils; preparations n.e.c, containing by weight 70% or more of petroleum oils or oils from bituminous minerals; light oils and preparations","Export","1785831597.85","","Weight in kilograms","2205805311.223"
"Thailand","2024","271012","Petroleum oils and oils from bituminous minerals, not containing biodiesel, not crude, not waste oils; preparations n.e.c, containing by weight 70% or more of petroleum oils or oils from bituminous minerals; light oils and preparations","Import","2293873789.59","3036322069.491","Weight in kilograms","3036322069.491"
"Togo","2024","271012","Petroleum oils and oils from bituminous minerals, not containing biodiesel, not crude, not waste oils; preparations n.e.c, containing by weight 70% or more of petroleum oils or oils from bituminous minerals; light oils and preparations","Re-Export","2277061.136","2799441","Weight in kilograms","2799441"
"Togo","2024","271012","Petroleum oils and oils from bituminous minerals, not containing biodiesel, not crude, not waste oils; preparations n.e.c, containing by weight 70% or more of petroleum oils or oils from bituminous minerals; light oils and preparations","Import","60275167.315","72632962","Weight in kilograms","72632962"
"Togo","2024","271012","Petroleum oils and oils from bituminous minerals, not containing biodiesel, not crude, not waste oils; preparations n.e.c, containing by weight 70% or more of petroleum oils or oils from bituminous minerals; light oils and preparations","Export","2300064.704","2834427","Weight in kilograms","2834427"
"Trinidad and Tobago","2024","271012","Petroleum oils and oils from bituminous minerals, not containing biodiesel, not crude, not waste oils; preparations n.e.c, containing by weight 70% or more of petroleum oils or oils from bituminous minerals; light oils and preparations","Import","486194700.759","","No Quantity",""
"Trinidad and Tobago","2024","271012","Petroleum oils and oils from bituminous minerals, not containing biodiesel, not crude, not waste oils; preparations n.e.c, containing by weight 70% or more of petroleum oils or oils from bituminous minerals; light oils and preparations","Re-Export","180651374.807","204985508","Weight in kilograms","204985508"
"Trinidad and Tobago","2024","271012","Petroleum oils and oils from bituminous minerals, not containing biodiesel, not crude, not waste oils; preparations n.e.c, containing by weight 70% or more of petroleum oils or oils from bituminous minerals; light oils and preparations","Export","180698897.199","206276380","Weight in kilograms","206276380"
"Türkiye","2024","271012","Petroleum oils and oils from bituminous minerals, not containing biodiesel, not crude, not waste oils; preparations n.e.c, containing by weight 70% or more of petroleum oils or oils from bituminous minerals; light oils and preparations","Export","1521821694","","No Quantity",""
"Türkiye","2024","271012","Petroleum oils and oils from bituminous minerals, not containing biodiesel, not crude, not waste oils; preparations n.e.c, containing by weight 70% or more of petroleum oils or oils from bituminous minerals; light oils and preparations","Import","745290535","1246630314.139","Weight in kilograms","1246630314.139"
"Ukraine","2024","271012","Petroleum oils and oils from bituminous minerals, not containing biodiesel, not crude, not waste oils; preparations n.e.c, containing by weight 70% or more of petroleum oils or oils from bituminous minerals; light oils and preparations","Import","1357905690.68","1515887462.504","Weight in kilograms","1515887462.504"
"Ukraine","2024","271012","Petroleum oils and oils from bituminous minerals, not containing biodiesel, not crude, not waste oils; preparations n.e.c, containing by weight 70% or more of petroleum oils or oils from bituminous minerals; light oils and preparations","Export","6511.42","2206.3","Weight in kilograms","2206.3"
"United Kingdom","2024","271012","Petroleum oils and oils from bituminous minerals, not containing biodiesel, not crude, not waste oils; preparations n.e.c, containing by weight 70% or more of petroleum oils or oils from bituminous minerals; light oils and preparations","Export","5357102093.497","","No Quantity",""
"United Kingdom","2024","271012","Petroleum oils and oils from bituminous minerals, not containing biodiesel, not crude, not waste oils; preparations n.e.c, containing by weight 70% or more of petroleum oils or oils from bituminous minerals; light oils and preparations","Import","3923149316.35","4705233647.806","Weight in kilograms","4705233647.806"
"USA","2024","271012","Petroleum oils and oils from bituminous minerals, not containing biodiesel, not crude, not waste oils; preparations n.e.c, containing by weight 70% or more of petroleum oils or oils from bituminous minerals; light oils and preparations","Re-Export","343600205","522911727","Weight in kilograms","522911727"
"USA","2024","271012","Petroleum oils and oils from bituminous minerals, not containing biodiesel, not crude, not waste oils; preparations n.e.c, containing by weight 70% or more of petroleum oils or oils from bituminous minerals; light oils and preparations","Export","46906830994","81947189670","Weight in kilograms","81947189670"
"USA","2024","271012","Petroleum oils and oils from bituminous minerals, not containing biodiesel, not crude, not waste oils; preparations n.e.c, containing by weight 70% or more of petroleum oils or oils from bituminous minerals; light oils and preparations","Import","26426301812","40467348303.876","Weight in kilograms","40467348303.876"
"Uzbekistan","2024","271012","Petroleum oils and oils from bituminous minerals, not containing biodiesel, not crude, not waste oils; preparations n.e.c, containing by weight 70% or more of petroleum oils or oils from bituminous minerals; light oils and preparations","Re-Export","195467018.98","324387640","Weight in kilograms","324387640"
"Uzbekistan","2024","271012","Petroleum oils and oils from bituminous minerals, not containing biodiesel, not crude, not waste oils; preparations n.e.c, containing by weight 70% or more of petroleum oils or oils from bituminous minerals; light oils and preparations","Export","292792848.95","549132870","Weight in kilograms","549132870"
"Uzbekistan","2024","271012","Petroleum oils and oils from bituminous minerals, not containing biodiesel, not crude, not waste oils; preparations n.e.c, containing by weight 70% or more of petroleum oils or oils from bituminous minerals; light oils and preparations","Import","974145977.97","1985693998.315","Weight in kilograms","1985693998.315"
"Zimbabwe","2024","271012","Petroleum oils and oils from bituminous minerals, not containing biodiesel, not crude, not waste oils; preparations n.e.c, containing by weight 70% or more of petroleum oils or oils from bituminous minerals; light oils and preparations","Import","482616870.504","463449772.05","Weight in kilograms","463449772.05"

